main/manage/include/connect.php,main/manage/include/connect.inc.php,main/manage/include/connect.inc.default.php,main/system/config/connect.inc.default.php
main/js/iscroll2.js,main/js/scroll.js
readme.files/dcrm_apache.conf,readme.files/dcrm_apache.htaccess
main/manage/include/autofill.inc.php,main/manage/include/autofill.inc.default.php
main/manage/include/config.inc.php,main/manage/include/config.inc.default.php
main/manage/include/index.php,main/manage/include/index.default.php,main/manage/include/index.php,main/system/config/index.php
main/manage/include/gnupg.inc.php,main/manage/include/gnupg.inc.default.php
main/manage/include/release.save,main/manage/include/release.default.save
main/icons/blacktocat-32.png,main/icons/default/blacktocat-32.png,main/icons/default/github.png
main/icons/changelog.png,main/icons/default/changelog.png,main/icon/default/changelog.png
main/icons/clock.png,main/icons/default/clock.png
main/icons/debian.png,main/icons/default/debian.png
main/icons/facebook.png,main/icons/default/facebook.png,main/icon/default/facebook.png
main/icons/mail.png,main/icons/default/mail.png
main/icons/mail_forward.png,main/icons/default/mail_forward.png
main/icons/moreinfo.png,main/icons/default/moreinfo.png,main/icon/default/moreinfo.png
main/icons/packages.png,main/icons/default/packages.png,main/icon/default/packages.png
main/icons/paypal.png,main/icons/default/paypal.png,main/icon/default/paypal.png
main/icons/qq.png,main/icons/default/qq.png,main/icon/default/qq.png
main/icons/report.png,main/icons/default/report.png,main/icon/default/report.png
main/icons/screenshots.png,main/icons/default/screenshots.png,main/icon/default/screenshots.png
main/icons/support_0.png,main/icons/default/support_0.png,main/icon/default/support_0.png
main/icons/support_1.png,main/icons/default/support_1.png,main/icon/default/support_1.png
main/icons/support_2.png,main/icons/default/support_2.png,main/icon/default/support_2.png
main/icons/support_3.png,main/icons/default/support_3.png,main/icon/default/support_3.png
main/icons/twitter.png,main/icons/default/twitter.png,main/icon/default/twitter.png
main/icons/weibo.png,main/icons/default/weibo.png,main/icon/default/weibo.png
"""main/manage/css/Poke\314\201mon.ttf""",main/manage/css/default.ttf
main/init/js/jquery.js,main/js/jquery.js
main/init/js/password-strength.js,main/js/password-strength.js
main/init/js/password-strength.min.js,main/js/password-strength.min.js
main/init/js/zxcvbn-async.min.js,main/js/zxcvbn-async.min.js
main/init/js/zxcvbn.min.js,main/js/zxcvbn.min.js
main/init/index.html,main/init/index.html.bak
main/init/install.php,main/init/install.php.bak
"""main/icons/82Flex_-_\344\276\235\350\265\226.png""","""main/icons/old/82Flex_-_\344\276\235\350\265\226.png"""
"""main/icons/82Flex_-_\345\255\227\344\275\223.png""","""main/icons/old/82Flex_-_\345\255\227\344\275\223.png"""
"""main/icons/82Flex_-_\345\267\245\345\205\267.png""","""main/icons/old/82Flex_-_\345\267\245\345\205\267.png"""
"""main/icons/82Flex_-_\345\274\200\345\217\221.png""","""main/icons/old/82Flex_-_\345\274\200\345\217\221.png"""
"""main/icons/82Flex_-_\346\211\251\345\261\225.png""","""main/icons/old/82Flex_-_\346\211\251\345\261\225.png"""
"""main/icons/82Flex_-_\346\261\211\345\214\226.png""","""main/icons/old/82Flex_-_\346\261\211\345\214\226.png"""
"""main/icons/82Flex_-_\346\265\213\350\257\225.png""","""main/icons/old/82Flex_-_\346\265\213\350\257\225.png"""
"""main/icons/82Flex_-_\346\270\270\346\210\217.png""","""main/icons/old/82Flex_-_\346\270\270\346\210\217.png"""
"""main/icons/82Flex_-_\347\263\273\347\273\237.png""","""main/icons/old/82Flex_-_\347\263\273\347\273\237.png"""
main/init/css/false.png,main/install/css/false.png
main/init/css/main.css,main/install/css/main.css
main/init/css/true.png,main/install/css/true.png
main/init/func.php,main/install/function.php
main/init/index.php,main/install/index.php
main/init/setup-check.php,main/install/setup-check.php
main/init/setup-config.php,main/install/setup-config.php
main/init/setup-install.php,main/install/setup-install.php
main/manage/include/corepage.php,main/system/class/corepage.php
main/manage/include/Mobile_Detect.php,main/system/class/mobile_detect.php
main/manage/include/tar.php,main/system/class/tar.php
main/manage/include/.htaccess,main/system/config/.htaccess
main/manage/include/empty_icon.deb,main/system/config/empty_icon.deb
main/lang/init-zh_CN.po,main/system/languages/install-zh_CN.po
main/lang/l10n.php,main/system/languages/l10n.php
main/lang/pomo/entry.php,main/system/languages/pomo/entry.php
main/lang/pomo/mo.php,main/system/languages/pomo/mo.php
main/lang/pomo/po.php,main/system/languages/pomo/po.php
main/lang/pomo/streams.php,main/system/languages/pomo/streams.php
main/lang/pomo/translations.php,main/system/languages/pomo/translations.php
main/lang/zh_CN.mo,main/system/languages/zh_CN.mo
main/lang/zh_CN.po,main/system/languages/zh_CN.po
main/favicon.ico,main/install/favicon.ico
main/manage/js/login.js,main/manage/javascript/backend/login.js
main/manage/js/login.min.js,main/manage/javascript/backend/login.min.js
main/manage/js/mbar.js,main/manage/javascript/backend/mbar.js
main/manage/js/misc.js,main/manage/javascript/backend/misc.js
main/manage/js/pace.min.js,main/manage/javascript/pace.min.js
main/manage/js/ajaxfileupload.js,main/manage/plugins/ajaxfileupload/ajaxfileupload.js
main/manage/js/jqBootstrapValidation.min.js,main/manage/plugins/jqBootstrapValidation/jqBootstrapValidation.min.js
main/manage/js/kindeditor.min.js,main/manage/plugins/kindeditor/kindeditor.min.js
main/manage/js/lang/ar.js,main/manage/plugins/kindeditor/lang/ar.js
main/manage/js/lang/en_US.js,main/manage/plugins/kindeditor/lang/en_US.js
main/manage/js/lang/ko.js,main/manage/plugins/kindeditor/lang/ko.js
main/manage/js/lang/zh_CN.js,main/manage/plugins/kindeditor/lang/zh_CN.js
main/manage/js/lang/zh_TW.js,main/manage/plugins/kindeditor/lang/zh_TW.js
main/manage/js/php/JSON.php,main/manage/plugins/kindeditor/php/JSON.php
main/manage/js/php/file_manager_json.php,main/manage/plugins/kindeditor/php/file_manager_json.php
main/manage/js/php/upload_json.php,main/manage/plugins/kindeditor/php/upload_json.php
main/manage/js/plugins/filemanager/filemanager.js,main/manage/plugins/kindeditor/plugins/filemanager/filemanager.js
main/manage/js/plugins/filemanager/images/file-16.gif,main/manage/plugins/kindeditor/plugins/filemanager/images/file-16.gif
main/manage/js/plugins/filemanager/images/file-64.gif,main/manage/plugins/kindeditor/plugins/filemanager/images/file-64.gif
main/manage/js/plugins/filemanager/images/folder-16.gif,main/manage/plugins/kindeditor/plugins/filemanager/images/folder-16.gif
main/manage/js/plugins/filemanager/images/folder-64.gif,main/manage/plugins/kindeditor/plugins/filemanager/images/folder-64.gif
main/manage/js/plugins/filemanager/images/go-up.gif,main/manage/plugins/kindeditor/plugins/filemanager/images/go-up.gif
main/manage/js/plugins/image/image.js,main/manage/plugins/kindeditor/plugins/image/image.js
main/manage/js/plugins/image/images/align_left.gif,main/manage/plugins/kindeditor/plugins/image/images/align_left.gif
main/manage/js/plugins/image/images/align_right.gif,main/manage/plugins/kindeditor/plugins/image/images/align_right.gif
main/manage/js/plugins/image/images/align_top.gif,main/manage/plugins/kindeditor/plugins/image/images/align_top.gif
main/manage/js/plugins/image/images/refresh.png,main/manage/plugins/kindeditor/plugins/image/images/refresh.png
main/manage/js/plugins/link/link.js,main/manage/plugins/kindeditor/plugins/link/link.js
main/manage/js/themes/common/anchor.gif,main/manage/plugins/kindeditor/themes/common/anchor.gif
main/manage/js/themes/common/blank.gif,main/manage/plugins/kindeditor/themes/common/blank.gif
main/manage/js/themes/common/flash.gif,main/manage/plugins/kindeditor/themes/common/flash.gif
main/manage/js/themes/common/loading.gif,main/manage/plugins/kindeditor/themes/common/loading.gif
main/manage/js/themes/common/media.gif,main/manage/plugins/kindeditor/themes/common/media.gif
main/manage/js/themes/common/rm.gif,main/manage/plugins/kindeditor/themes/common/rm.gif
main/manage/js/themes/default/background.png,main/manage/plugins/kindeditor/themes/default/background.png
main/manage/js/themes/default/default.css,main/manage/plugins/kindeditor/themes/default/default.css
main/manage/js/themes/default/default.png,main/manage/plugins/kindeditor/themes/default/default.png
main/manage/js/themes/qq/editor.gif,main/manage/plugins/kindeditor/themes/qq/editor.gif
main/manage/js/themes/qq/qq.css,main/manage/plugins/kindeditor/themes/qq/qq.css
main/manage/js/themes/simple/simple.css,main/manage/plugins/kindeditor/themes/simple/simple.css
main/manage/js/parsley.min.js,main/manage/plugins/parsley/parsley.min.js
main/manage/js/uploadify-cancel.png,main/manage/plugins/uploadify/css/uploadify-cancel.png
main/manage/css/uploadify.css,main/manage/plugins/uploadify/css/uploadify.css
main/manage/js/jquery.uploadify.js,main/manage/plugins/uploadify/js/jquery.uploadify.js
main/manage/js/uploadify.php,main/manage/plugins/uploadify/uploadify.php
main/manage/js/uploadify.swf,main/manage/plugins/uploadify/uploadify.swf
main/icons/default/alipay.png,main/icon/default/alipay.png
main/icons/default/alipay_text.png,main/icon/default/alipay_text.png
main/icons/default/alipay_text_en.png,main/icon/default/alipay_text_en.png
main/icons/default/cydia.png,main/icon/default/cydia.png
main/icons/default/email.png,main/icon/default/email.png
main/icons/default/index.php,main/icon/default/index.php
main/icons/default/msg_bg.png,main/icon/default/msg_bg.png
main/icons/default/unknown.png,main/icon/default/unknown.png
main/icons/default/video.png,main/icon/default/video.png
main/icons/default/web.png,main/icon/default/web.png
main/icons/index.php,main/icon/index.php
