src/onion.c,src/onion/onion.c
src/onion.h,src/onion/onion.h
src/onion_codecs.c,src/onion/onion_codecs.c,src/onion/codecs.c
src/onion_codecs.h,src/onion/onion_codecs.h,src/onion/codecs.h
src/onion_dict.c,src/onion/onion_dict.c,src/onion/dict.c
src/onion_dict.h,src/onion/onion_dict.h,src/onion/dict.h
src/onion_handler.c,src/onion/onion_handler.c,src/onion/handler.c
src/onion_handler.h,src/onion/onion_handler.h,src/onion/handler.h
src/onion_request.c,src/onion/onion_request.c,src/onion/request.c
src/onion_request.h,src/onion/onion_request.h,src/onion/request.h
src/onion_response.c,src/onion/onion_response.c,src/onion/response.c
src/onion_response.h,src/onion/onion_response.h,src/onion/response.h
src/onion_server.c,src/onion/onion_server.c,src/onion/server.c
src/onion_server.h,src/onion/onion_server.h,src/onion/server.h
src/onion_types.h,src/onion/onion_types.h,src/onion/types.h
src/onion_types_internal.h,src/onion/onion_types_internal.h,src/onion/types_internal.h
src/onionssl/onionssl.h,src/onionssl/onion_ssl_internal.h
src/handlers/onion_handler_auth_pam.c,src/handlers/auth_pam.c,src/onion/handlers/auth_pam.c
src/handlers/onion_handler_auth_pam.h,src/handlers/auth_pam.h,src/onion/handlers/auth_pam.h
src/handlers/onion_handler_directory.c,src/handlers/directory.c,src/onion/handlers/directory.c,src/onion/handlers/exportlocal.c
src/handlers/onion_handler_directory.h,src/handlers/directory.h,src/onion/handlers/directory.h,src/onion/handlers/exportlocal.h
src/handlers/onion_handler_opack.c,src/handlers/opack.c,src/onion/handlers/opack.c
src/handlers/onion_handler_opack.h,src/handlers/opack.h,src/onion/handlers/opack.h
src/handlers/onion_handler_path.c,src/handlers/path.c,src/onion/handlers/path.c
src/handlers/onion_handler_path.h,src/handlers/path.h,src/onion/handlers/path.h
src/handlers/onion_handler_regexp.c,src/handlers/regexp.c,src/onion/handlers/regexp.c
src/handlers/onion_handler_regexp.h,src/handlers/regexp.h,src/onion/handlers/regexp.h
src/handlers/onion_handler_static.c,src/handlers/static.c,src/onion/handlers/static.c
src/handlers/onion_handler_static.h,src/handlers/static.h,src/onion/handlers/static.h
src/onion/onion_log.c,src/onion/log.c
src/onion/onion_log.h,src/onion/log.h
src/handlers/CMakeLists.txt,src/onion/handlers/CMakeLists.txt
tests/04-prerecorded/01-prerecorded.c,tests/04-prerecorded/prerecorded.c
debian/libonion1.install,debian/libonion.dirs
examples/fileserver_otemplate/CMakeLists.txt,examples/ofileserver/CMakeLists.txt
examples/fileserver_otemplate/es.po,examples/ofileserver/es.po
examples/fileserver_otemplate/fileserver.c,examples/ofileserver/fileserver.c
examples/fileserver_otemplate/fileserver.html,examples/ofileserver/fileserver.html
examples/fileserver_otemplate/fr.po,examples/ofileserver/fr.po
examples/fileserver_otemplate/messages.po,examples/ofileserver/messages.po
examples/fileserver_otemplate/pl.po,examples/ofileserver/pl.po
examples/fileserver_otemplate/zh.po,examples/ofileserver/zh.po
examples/webdav/webdav.c,src/onion/handlers/webdav.c
examples/webdav/webdav.h,src/onion/handlers/webdav.h
examples/oterm/coralbits.png,examples/oterm/static/coralbits.png
examples/oterm/index.html,examples/oterm/static/index.html
examples/oterm/oterm.html,examples/oterm/static/oterm.html
examples/oterm/oterm.js,examples/oterm/static/oterm.js
examples/oterm/oterm_data.js,examples/oterm/static/oterm_data.js
examples/oterm/oterm_input.js,examples/oterm/static/oterm_input.js
examples/oterm/oterm_parser.js,examples/oterm/static/oterm_parser.js
examples/oterm/oterm_termfunctions.js,examples/oterm/static/oterm_termfunctions.js
tests/06-handlers/01-url.c,tests/01-internal/16-url.c
CMakeLists.txt,src/bindings/CMakeLists.txt
cpp/CMakeLists.txt,src/bindings/cpp/CMakeLists.txt
cpp/dict.hpp,src/bindings/cpp/dict.hpp
cpp/extrahandlers.cpp,src/bindings/cpp/extrahandlers.cpp
cpp/extrahandlers.hpp,src/bindings/cpp/extrahandlers.hpp
cpp/handler.cpp,src/bindings/cpp/handler.cpp
cpp/handler.hpp,src/bindings/cpp/handler.hpp
cpp/onion.hpp,src/bindings/cpp/onion.hpp
cpp/request.hpp,src/bindings/cpp/request.hpp
cpp/response.hpp,src/bindings/cpp/response.hpp
cpp/url.hpp,src/bindings/cpp/url.hpp
gentoo/files/cmake_lists.patch,gentoo/files/root-cmakelists.patch
tests/07-otemplate/01-test.c,tests/07-tools/01-otemplate.c
tests/07-otemplate/CMakeLists.txt,tests/07-tools/CMakeLists.txt
tests/07-otemplate/base.html,tests/07-tools/base.html
tests/07-otemplate/extended.html,tests/07-tools/extended.html
tests/07-otemplate/external.html,tests/07-tools/external.html
tests/07-otemplate/test.html,tests/07-tools/test.html
tests/07-otemplate/test_html.c,tests/07-tools/test_html.c
src/onion/random.c,src/onion/random-default.c
gentoo/libonion-9999.ebuild,gentoo/www-servers/libonion/libonion-9999.ebuild
examples/oterm/static/jquery-1.4.3.js,examples/oterm/jquery.js
src/onion/low_util.c,src/onion/low.c
src/onion/low_util.h,src/onion/low.h
README.rst,README.md
CMakeModules/FindBohemGC.cmake,CMakeModules/FindBoehmGC.cmake
