README.md,README.rst
irrd/scripts/tests/test_rpsl_parse.py,irrd/scripts/tests/test_rpsl_read.py
docs/architecture.rst,docs/development/architecture.rst
docs/database.rst,docs/development/database.rst
docs/development.rst,docs/development/development-setup.rst
irrd/rpsl/tests/rpsl_samples.py,irrd/utils/rpsl_samples.py
irrd/db/alembic/__init__.py,irrd/mirroring/__init__.py
irrd/db/alembic/versions/__init__.py,irrd/mirroring/tests/__init__.py
irrd/db/__init__.py,irrd/storage/__init__.py
irrd/db/tests/__init__.py,irrd/storage/alembic/__init__.py
irrd/db/alembic/env.py,irrd/storage/alembic/env.py
irrd/db/alembic/script.py.mako,irrd/storage/alembic/script.py.mako
irrd/db/alembic/versions/28dc1cd85bdc_initial_db.py,irrd/storage/alembic/versions/28dc1cd85bdc_initial_db.py
irrd/db/api.py,irrd/storage/api.py,irrd/storage/database_handler.py
irrd/db/models.py,irrd/storage/models.py
irrd/db/tests/test_api.py,irrd/storage/tests/test_api.py,irrd/storage/tests/test_database.py
irrd/mirroring/nrtm_runner.py,irrd/mirroring/mirror_runners.py,irrd/mirroring/mirror_runners_import.py
irrd/mirroring/operation.py,irrd/mirroring/nrtm_operation.py
irrd/mirroring/tests/test_nrtm_runner.py,irrd/mirroring/tests/test_mirror_runners.py,irrd/mirroring/tests/test_mirror_runners_import.py
irrd/mirroring/tests/test_operation.py,irrd/mirroring/tests/test_nrtm_operation.py
docs/usage/configuration.rst,docs/admins/configuration.rst
docs/object-validation.rst,docs/admins/object-validation.rst
docs/usage/queries.rst,docs/users/queries.rst,docs/users/whois-queries.rst,docs/users/queries/whois.rst
irrd/scripts/submit_update.py,irrd/scripts/submit_changes.py
irrd/mirroring/parser.py,irrd/mirroring/parsers.py
irrd/mirroring/tests/test_parser.py,irrd/mirroring/tests/test_parsers.py
irrd/rpki/tests/test_parser.py,irrd/rpki/tests/test_validators.py
irrd/rpki/parser.py,irrd/rpki/validators.py
irrd/storage/alembic/versions/e29d092b6599_add_rpki_status_to_rpsl_object.py,irrd/storage/alembic/versions/64a3d6faf6d4_add_prefix_length_rpki_status_to_rpsl_objects.py
irrd/server/http/request_handlers.py,irrd/server/http/status_generator.py
irrd/server/http/tests/test_request_handlers.py,irrd/server/http/tests/test_status_generator.py
docs/users/http-queries.rst,docs/users/queries/graphql.rst
irrd/rpsl/passwords.py,irrd/rpsl/auth.py
irrd/server/http/endpoints.py,irrd/server/http/endpoints_api.py
