src/java/winstone/Option.java,src/java/winstone/cmdline/Option.java,src/main/java/winstone/cmdline/Option.java
src/test/winstone/BoundedExecutorServiceTest.java,src/test/winstone/BoundedExecutorServiceDriver.java,src/test/java/winstone/BoundedExecutorServiceDriver.java
src/java/winstone/Listener.java,src/java/winstone/ConnectorFactory.java,src/main/java/winstone/ConnectorFactory.java
src/java/winstone/HttpListener.java,src/java/winstone/HttpConnectorFactory.java,src/main/java/winstone/HttpConnectorFactory.java
src/java/winstone/ajp13/Ajp13Listener.java,src/java/winstone/ajp13/Ajp13ConnectorFactory.java,src/java/winstone/Ajp13ConnectorFactory.java,src/main/java/winstone/Ajp13ConnectorFactory.java
src/java/winstone/ssl/HttpsListener.java,src/java/winstone/ssl/HttpsConnectorFactory.java,src/java/winstone/HttpsConnectorFactory.java,src/main/java/winstone/HttpsConnectorFactory.java
src/java/winstone/AbstractSecuredConnectorFactory.java,src/main/java/winstone/AbstractSecuredConnectorFactory.java
src/java/winstone/BoundedExecutorService.java,src/main/java/winstone/BoundedExecutorService.java
src/java/winstone/HostConfiguration.java,src/main/java/winstone/HostConfiguration.java
src/java/winstone/HostGroup.java,src/main/java/winstone/HostGroup.java
src/java/winstone/Http2ConnectorFactory.java,src/main/java/winstone/Http2ConnectorFactory.java
src/java/winstone/Launcher.java,src/main/java/winstone/Launcher.java
src/java/winstone/Logger.java,src/main/java/winstone/Logger.java
src/java/winstone/ShutdownHook.java,src/main/java/winstone/ShutdownHook.java
src/java/winstone/WinstoneException.java,src/main/java/winstone/WinstoneException.java
src/java/winstone/WinstoneResourceBundle.java,src/main/java/winstone/WinstoneResourceBundle.java
src/java/winstone/WinstoneSession.java,src/main/java/winstone/WinstoneSession.java
src/java/winstone/accesslog/SimpleAccessLogger.java,src/main/java/winstone/accesslog/SimpleAccessLogger.java
src/java/winstone/cmdline/CmdLineParser.java,src/main/java/winstone/cmdline/CmdLineParser.java
src/java/winstone/realm/ArgumentsRealm.java,src/main/java/winstone/realm/ArgumentsRealm.java
src/java/winstone/realm/FileRealm.java,src/main/java/winstone/realm/FileRealm.java
src/java/winstone/tools/WinstoneControl.java,src/main/java/winstone/tools/WinstoneControl.java
src/java/winstone/tools/WinstoneControlOption.java,src/main/java/winstone/tools/WinstoneControlOption.java
src/java/winstone/LocalStrings.properties,src/main/resources/winstone/LocalStrings.properties
src/java/winstone/accesslog/LocalStrings.properties,src/main/resources/winstone/accesslog/LocalStrings.properties
src/java/winstone/mime.properties,src/main/resources/winstone/mime.properties
src/java/winstone/realm/LocalStrings.properties,src/main/resources/winstone/realm/LocalStrings.properties
src/java/winstone/tools/LocalStrings.properties,src/main/resources/winstone/tools/LocalStrings.properties
src/test/winstone/AbstractWinstoneTest.java,src/test/java/winstone/AbstractWinstoneTest.java
src/test/winstone/HttpConnectorFactoryTest.java,src/test/java/winstone/HttpConnectorFactoryTest.java
src/test/winstone/HttpsConnectorFactoryTest.java,src/test/java/winstone/HttpsConnectorFactoryTest.java
src/test/winstone/LauncherTest.java,src/test/java/winstone/LauncherTest.java
src/test/winstone/TrustEveryoneManager.java,src/test/java/winstone/TrustEveryoneManager.java
src/test/winstone/TrustManagerImpl.java,src/test/java/winstone/TrustManagerImpl.java
src/test/winstone/accesslog/SimpleAccessLoggerTest.java,src/test/java/winstone/accesslog/SimpleAccessLoggerTest.java
src/test/winstone/realm/ArgumentsRealmTest.java,src/test/java/winstone/realm/ArgumentsRealmTest.java
src/test/winstone/testApplication/filters/TimingFilter.java,src/test/java/winstone/testApplication/filters/TimingFilter.java
src/test/winstone/testApplication/filters/WriteAfterServletFilter.java,src/test/java/winstone/testApplication/filters/WriteAfterServletFilter.java
src/test/winstone/testApplication/listeners/SessionListener.java,src/test/java/winstone/testApplication/listeners/SessionListener.java
src/test/winstone/testApplication/servlets/CountRequestsServlet.java,src/test/java/winstone/testApplication/servlets/CountRequestsServlet.java
src/test/winstone/testApplication/servlets/UnavailableServlet.java,src/test/java/winstone/testApplication/servlets/UnavailableServlet.java
src/test/winstone/testCase/HttpConnectorTest.java,src/test/java/winstone/testCase/HttpConnectorTest.java
src/test/winstone/testCase/WinstoneResourceBundleTest.java,src/test/java/winstone/testCase/WinstoneResourceBundleTest.java
src/test/winstone/testCase/load/LoadTest.java,src/test/java/winstone/testCase/load/LoadTest.java
src/test/winstone/testCase/load/LoadTestThread.java,src/test/java/winstone/testCase/load/LoadTestThread.java
src/test/winstone/testCase/load/LocalStrings.properties,src/test/resources/winstone/testCase/load/LocalStrings.properties
src/spotbugs/spotbugs-excludes.xml,src/spotbugs/excludesFilter.xml
