Pandoc.cabal,Pandoc.cabal.in,Pandoc.cabal,pandoc.cabal
osx/OSX-Welcome,osx/Welcome
LICENSE,COPYRIGHT
man/man1/web2markdown.1,man/man1/html2markdown.1
src/wrappers/web2markdown.in,src/wrappers/html2markdown.in,wrappers/html2markdown.in,src/wrappers/html2markdown.in,wrappers/html2markdown.in,html2markdown
web/demos.sh,web/mkdemos.sh
src/Text/Pandoc/HtmlEntities.hs,src/Text/Pandoc/Entities.hs,src/Text/Pandoc/CharacterReferences.hs,Text/Pandoc/CharacterReferences.hs,src/Text/Pandoc/CharacterReferences.hs
hsmarkdown,src/wrappers/hsmarkdown.in,wrappers/hsmarkdown.in,src/wrappers/hsmarkdown.in,wrappers/hsmarkdown.in,hsmarkdown
tests/tables.db,tests/tables.docbook,tests/tables.docbook4,test/tables.docbook4
tests/tables.tex,tests/tables.latex,test/tables.latex
src/Text/ParserCombinators/Pandoc.hs,src/Text/Pandoc/ParserCombinators.hs
macports/Portfile,macports/Portfile.in
freebsd/Makefile,freebsd/Makefile.in
macport/Portfile.in,macports/Portfile.in
web/index.txt,web/index.txt.in,web/index.txt
src/Main.hs,Main.hs,src/Main.hs,Main.hs,src/Main.hs,src/pandoc.hs,pandoc.hs,app/pandoc.hs,pandoc-cli/src/pandoc.hs
src/Text/Pandoc.hs,Text/Pandoc.hs,src/Text/Pandoc.hs
src/Text/Pandoc/Blocks.hs,Text/Pandoc/Blocks.hs,src/Text/Pandoc/Blocks.hs
src/Text/Pandoc/Definition.hs,Text/Pandoc/Definition.hs,src/Text/Pandoc/Definition.hs
src/Text/Pandoc/Readers/HTML.hs,Text/Pandoc/Readers/HTML.hs,src/Text/Pandoc/Readers/HTML.hs
src/Text/Pandoc/Readers/LaTeX.hs,Text/Pandoc/Readers/LaTeX.hs,src/Text/Pandoc/Readers/LaTeX.hs
src/Text/Pandoc/Readers/Markdown.hs,Text/Pandoc/Readers/Markdown.hs,src/Text/Pandoc/Readers/Markdown.hs
src/Text/Pandoc/Readers/RST.hs,Text/Pandoc/Readers/RST.hs,src/Text/Pandoc/Readers/RST.hs
src/Text/Pandoc/Shared.hs,Text/Pandoc/Shared.hs,src/Text/Pandoc/Shared.hs
src/Text/Pandoc/UTF8.hs,Text/Pandoc/UTF8.hs
src/Text/Pandoc/Writers/ConTeXt.hs,Text/Pandoc/Writers/ConTeXt.hs,src/Text/Pandoc/Writers/ConTeXt.hs
src/templates/DefaultHeaders.hs,Text/Pandoc/Writers/DefaultHeaders.hs
src/Text/Pandoc/Writers/Docbook.hs,Text/Pandoc/Writers/Docbook.hs,src/Text/Pandoc/Writers/Docbook.hs,src/Text/Pandoc/Writers/DocBook.hs
src/Text/Pandoc/Writers/HTML.hs,Text/Pandoc/Writers/HTML.hs,src/Text/Pandoc/Writers/HTML.hs
src/Text/Pandoc/Writers/LaTeX.hs,Text/Pandoc/Writers/LaTeX.hs,src/Text/Pandoc/Writers/LaTeX.hs
src/Text/Pandoc/Writers/Man.hs,Text/Pandoc/Writers/Man.hs,src/Text/Pandoc/Writers/Man.hs
src/Text/Pandoc/Writers/Markdown.hs,Text/Pandoc/Writers/Markdown.hs,src/Text/Pandoc/Writers/Markdown.hs
src/Text/Pandoc/Writers/RST.hs,Text/Pandoc/Writers/RST.hs,src/Text/Pandoc/Writers/RST.hs
src/Text/Pandoc/Writers/RTF.hs,Text/Pandoc/Writers/RTF.hs,src/Text/Pandoc/Writers/RTF.hs
src/templates/S5.hs,Text/Pandoc/Writers/S5.hs,src/Text/Pandoc/Writers/S5.hs,src/Text/Pandoc/S5.hs
src/ASCIIMathML.js,data/ASCIIMathML.js,src/ASCIIMathML.js,ASCIIMathML.js,templates/ASCIIMathML.js,data/ASCIIMathML.js
src/headers/ConTeXtHeader,data/headers/ConTeXtHeader,src/headers/ConTeXtHeader,headers/ConTeXtHeader,templates/headers/ConTeXtHeader,templates/headers/ConTeXt.header,data/headers/ConTeXt.header,data/templates/ConTeXt.template
src/headers/DocbookHeader,data/headers/DocbookHeader,src/headers/DocbookHeader,headers/DocbookHeader,templates/headers/DocbookHeader,templates/headers/Docbook.header,data/headers/Docbook.header,data/templates/Docbook.template
src/headers/LaTeXHeader,data/headers/LaTeXHeader,src/headers/LaTeXHeader,headers/LaTeXHeader,templates/headers/LaTeXHeader,templates/headers/LaTeX.header,data/headers/LaTeX.header,data/templates/LaTeX.template
src/headers/RTFHeader,data/headers/RTFHeader,src/headers/RTFHeader,headers/RTFHeader,templates/headers/RTFHeader,templates/headers/RTF.header,data/headers/RTF.header,data/templates/RTF.template
src/headers/S5Header,data/headers/S5Header,src/headers/S5Header,headers/S5Header,templates/headers/S5Header,templates/headers/S5.header,data/headers/S5.header,data/templates/S5.template
src/ui/default/blank.gif,data/ui/default/blank.gif,src/ui/default/blank.gif,ui/default/blank.gif,templates/ui/default/blank.gif,data/ui/default/blank.gif,s5/default/blank.gif,data/s5/default/blank.gif
src/ui/default/bodybg.gif,data/ui/default/bodybg.gif,src/ui/default/bodybg.gif,ui/default/bodybg.gif,templates/ui/default/bodybg.gif,data/ui/default/bodybg.gif,s5/default/bodybg.gif,data/s5/default/bodybg.gif
src/ui/default/framing.css,data/ui/default/framing.css,src/ui/default/framing.css,ui/default/framing.css,templates/ui/default/framing.css,data/ui/default/framing.css,s5/default/framing.css,data/s5/default/framing.css
src/ui/default/iepngfix.htc,data/ui/default/iepngfix.htc,src/ui/default/iepngfix.htc,ui/default/iepngfix.htc,templates/ui/default/iepngfix.htc,data/ui/default/iepngfix.htc,s5/default/iepngfix.htc,data/s5/default/iepngfix.htc
src/ui/default/opera.css,data/ui/default/opera.css,src/ui/default/opera.css,ui/default/opera.css,templates/ui/default/opera.css,data/ui/default/opera.css,s5/default/opera.css,data/s5/default/opera.css
src/ui/default/outline.css,data/ui/default/outline.css,src/ui/default/outline.css,ui/default/outline.css,templates/ui/default/outline.css,data/ui/default/outline.css,s5/default/outline.css,data/s5/default/outline.css
src/ui/default/pretty.css,data/ui/default/pretty.css,src/ui/default/pretty.css,ui/default/pretty.css,templates/ui/default/pretty.css,data/ui/default/pretty.css,s5/default/pretty.css,data/s5/default/pretty.css
src/ui/default/print.css,data/ui/default/print.css,src/ui/default/print.css,ui/default/print.css,templates/ui/default/print.css,data/ui/default/print.css,s5/default/print.css,data/s5/default/print.css
src/ui/default/s5-core.css,data/ui/default/s5-core.css,src/ui/default/s5-core.css,ui/default/s5-core.css,templates/ui/default/s5-core.css,data/ui/default/s5-core.css,s5/default/s5-core.css,data/s5/default/s5-core.css
src/ui/default/slides.css,data/ui/default/slides.css,src/ui/default/slides.css,ui/default/slides.css,templates/ui/default/slides.css,data/ui/default/slides.css,s5/default/slides.css,data/s5/default/slides.css
src/ui/default/slides.js,data/ui/default/slides.js,src/ui/default/slides.js,ui/default/slides.js,templates/ui/default/slides.js,data/ui/default/slides.js,s5/default/slides.js,data/s5/default/slides.js
src/wrappers/common.sh,wrappers/common.sh,src/wrappers/common.sh,wrappers/common.sh
src/wrappers/markdown2pdf.in,wrappers/markdown2pdf.in,src/wrappers/markdown2pdf.in,wrappers/markdown2pdf.in,markdown2pdf
src/wrappers/tempdir.sh,wrappers/tempdir.sh,src/wrappers/tempdir.sh,wrappers/tempdir.sh
pandoc.cabal.ghc68,pandoc.cabal.ghc66
src/Text/Pandoc.hs,Text/Pandoc.hs
src/Text/Pandoc/Blocks.hs,Text/Pandoc/Blocks.hs
src/Text/Pandoc/CharacterReferences.hs,Text/Pandoc/CharacterReferences.hs
src/Text/Pandoc/Definition.hs,Text/Pandoc/Definition.hs
src/Text/Pandoc/Readers/HTML.hs,Text/Pandoc/Readers/HTML.hs
src/Text/Pandoc/Readers/LaTeX.hs,Text/Pandoc/Readers/LaTeX.hs
src/Text/Pandoc/Readers/Markdown.hs,Text/Pandoc/Readers/Markdown.hs
src/Text/Pandoc/Readers/RST.hs,Text/Pandoc/Readers/RST.hs
src/Text/Pandoc/Shared.hs,Text/Pandoc/Shared.hs
src/Text/Pandoc/UTF8.hs,Text/Pandoc/UTF8.hs
src/Text/Pandoc/Writers/ConTeXt.hs,Text/Pandoc/Writers/ConTeXt.hs
src/Text/Pandoc/Writers/Docbook.hs,Text/Pandoc/Writers/Docbook.hs
src/Text/Pandoc/Writers/HTML.hs,Text/Pandoc/Writers/HTML.hs
src/Text/Pandoc/Writers/LaTeX.hs,Text/Pandoc/Writers/LaTeX.hs
src/Text/Pandoc/Writers/Man.hs,Text/Pandoc/Writers/Man.hs
src/Text/Pandoc/Writers/Markdown.hs,Text/Pandoc/Writers/Markdown.hs
src/Text/Pandoc/Writers/RST.hs,Text/Pandoc/Writers/RST.hs
src/Text/Pandoc/Writers/RTF.hs,Text/Pandoc/Writers/RTF.hs
src/templates/ASCIIMathML.hs,templates/ASCIIMathML.hs
src/templates/DefaultHeaders.hs,templates/DefaultHeaders.hs,Text/Pandoc/DefaultHeaders.hs,src/Text/Pandoc/DefaultHeaders.hs,src/Text/Pandoc/DefaultTemplates.hs
src/templates/Makefile,templates/Makefile
src/templates/S5.hs,templates/S5.hs,Text/Pandoc/Writers/S5.hs
src/templates/fillTemplates.pl,templates/fillTemplates.pl
web/math.txt,web/math.text
templates/Highlighting.yes.hs,Text/Pandoc/Highlighting.hs,src/Text/Pandoc/Highlighting.hs
templates/ASCIIMathML.js.comment,data/ASCIIMathML.js.comment
templates/ASCIIMathML.js.packed,data/ASCIIMathML.js.packed
templates/headers/OpenDocument.header,data/headers/OpenDocument.header,data/templates/OpenDocument.template
templates/ui/default/slides.js.comment,data/ui/default/slides.js.comment,s5/default/slides.js.comment
templates/ui/default/slides.js.packed,data/ui/default/slides.js.packed,s5/default/slides.js.packed
odt-styles/META-INF/manifest.xml,data/odt-styles/META-INF/manifest.xml,data/odt/META-INF/manifest.xml
odt-styles/Thumbnails/thumbnail.png,data/odt-styles/Thumbnails/thumbnail.png,data/odt/Thumbnails/thumbnail.png
odt-styles/meta.xml,data/odt-styles/meta.xml,data/odt/meta.xml
odt-styles/mimetype,data/odt-styles/mimetype,data/odt/mimetype
odt-styles/settings.xml,data/odt-styles/settings.xml,data/odt/settings.xml
odt-styles/styles.xml,data/odt-styles/styles.xml,data/odt/styles.xml
Text/Pandoc/Biblio.hs,src/Text/Pandoc/Biblio.hs
Text/Pandoc/LaTeXMathML.hs,src/Text/Pandoc/LaTeXMathML.hs
Text/Pandoc/ODT.hs,src/Text/Pandoc/ODT.hs
Text/Pandoc/Plugins.hs,src/Text/Pandoc/Plugins.hs
Text/Pandoc/Readers/TeXMath.hs,src/Text/Pandoc/Readers/TeXMath.hs
Text/Pandoc/TH.hs,src/Text/Pandoc/TH.hs
Text/Pandoc/Writers/MediaWiki.hs,src/Text/Pandoc/Writers/MediaWiki.hs
Text/Pandoc/Writers/OpenDocument.hs,src/Text/Pandoc/Writers/OpenDocument.hs
Text/Pandoc/Writers/Texinfo.hs,src/Text/Pandoc/Writers/Texinfo.hs
Text/Pandoc/XML.hs,src/Text/Pandoc/XML.hs
data/LaTeXMathML.js.packed,data/LaTeXMathML.js
tests/RunTests.hs,src/test-pandoc.hs,tests/test-pandoc.hs,src/test-pandoc.hs,tests/test-pandoc.hs,test/test-pandoc.hs
tests/Old.hs,tests/Tests/Old.hs,src/Tests/Old.hs,tests/Tests/Old.hs,test/Tests/Old.hs
tests/Latex/Reader.hs,tests/Tests/Readers/LaTeX.hs,src/Tests/Readers/LaTeX.hs,tests/Tests/Readers/LaTeX.hs,test/Tests/Readers/LaTeX.hs
tests/Helpers.hs,tests/Tests/Shared.hs,tests/Tests/Helpers.hs,src/Tests/Helpers.hs,tests/Tests/Helpers.hs,test/Tests/Helpers.hs
manpage.template,man/man1/pandoc.1.template,data/pandoc.1.template,man/pandoc.1.template
tests/Tests/Arbitrary.hs,src/Tests/Arbitrary.hs,tests/Tests/Arbitrary.hs
tests/Tests/Readers/Markdown.hs,src/Tests/Readers/Markdown.hs,tests/Tests/Readers/Markdown.hs,test/Tests/Readers/Markdown.hs
tests/Tests/Readers/RST.hs,src/Tests/Readers/RST.hs,tests/Tests/Readers/RST.hs,test/Tests/Readers/RST.hs
tests/Tests/Shared.hs,src/Tests/Shared.hs,tests/Tests/Shared.hs,test/Tests/Shared.hs
tests/Tests/Writers/ConTeXt.hs,src/Tests/Writers/ConTeXt.hs,tests/Tests/Writers/ConTeXt.hs,test/Tests/Writers/ConTeXt.hs
tests/Tests/Writers/Native.hs,src/Tests/Writers/Native.hs,tests/Tests/Writers/Native.hs,test/Tests/Writers/Native.hs
context.template,default.context
docbook.template,default.docbook,default.docbook4
html.template,default.html,default.html4
latex.template,default.latex
man.template,default.man
markdown.template,default.markdown
mediawiki.template,default.mediawiki
opendocument.template,default.opendocument
org.template,default.org
plain.template,default.plain
rst.template,default.rst
rtf.template,default.rtf
s5.template,default.s5
slidy.template,default.slidy
texinfo.template,default.texinfo
textile.template,default.textile
src/Text/Pandoc/Writers/Asciidoc.hs,src/Text/Pandoc/Writers/AsciiDoc.hs
src/Text/Pandoc/Offline.hs,src/Text/Pandoc/SelfContained.hs
slidy/slidy.css,slidy/styles/slidy.css,data/slidy/styles/slidy.css
tests/markdown-tables.txt,tests/extra-tables.markdown,tests/pipe-tables.txt,test/pipe-tables.txt
tests/markdown-tables.native,tests/extra-tables.native,tests/pipe-tables.native,test/pipe-tables.native
src/Tests/Writers/HTML.hs,tests/Tests/Writers/HTML.hs,test/Tests/Writers/HTML.hs
src/Tests/Writers/LaTeX.hs,tests/Tests/Writers/LaTeX.hs,test/Tests/Writers/LaTeX.hs
src/Tests/Writers/Markdown.hs,tests/Tests/Writers/Markdown.hs,test/Tests/Writers/Markdown.hs
Benchmark.hs,benchmark/benchmark-pandoc.hs
.travis.yml,.travis.yml.bkp,.travis.yml
epub-page.html,default.epub3
default.csl,data/default.csl
dzslides/template.html,data/dzslides/template.html
epub.css,data/epub.css
reference.docx,data/reference.docx
reference.odt,data/reference.odt
slideous/slideous.css,data/slideous/slideous.css
slideous/slideous.js,data/slideous/slideous.js
slidy/graphics/fold-dim.gif,data/slidy/graphics/fold-dim.gif
slidy/graphics/fold.gif,data/slidy/graphics/fold.gif
slidy/graphics/nofold-dim.gif,data/slidy/graphics/nofold-dim.gif
slidy/graphics/unfold-dim.gif,data/slidy/graphics/unfold-dim.gif
slidy/graphics/unfold.gif,data/slidy/graphics/unfold.gif
slidy/scripts/slidy.js.gz,data/slidy/scripts/slidy.js.gz
templates,data/templates
src/Text/Pandoc/Data.hs,src/Text/Pandoc/Data.hsb,src/Text/Pandoc/Data.hs,src/Text/Pandoc/Data.hsb,src/Text/Pandoc/Data.hs
make_osx_package.sh,osx/make_osx_package.sh,make_osx_package.sh,osx/make_osx_package.sh,macos/make_macos_package.sh
osx-resources/InstallationCheck,osx/osx-resources/InstallationCheck
osx-resources/InstallationCheck.strings,osx/osx-resources/InstallationCheck.strings
src/Text/Pandoc/Readers/DocX.hs,src/Text/Pandoc/Readers/Docx.hs
src/Text/Pandoc/Readers/DocX/Lists.hs,src/Text/Pandoc/Readers/Docx/Lists.hs
src/Text/Pandoc/Readers/DocX/Parse.hs,src/Text/Pandoc/Readers/Docx/Parse.hs
tests/Tests/Readers/DocX.hs,tests/Tests/Readers/Docx.hs,test/Tests/Readers/Docx.hs
tests/docx.track_changes_deletion_only_ins.native,tests/docx.track_changes_deletion_accept.native,tests/docx/track_changes_deletion_accept.native,test/docx/track_changes_deletion_accept.native
tests/docx.track_changes_insertion_only_ins.native,tests/docx.track_changes_insertion_accept.native,tests/docx/track_changes_insertion_accept.native,test/docx/track_changes_insertion_accept.native
tests/features.epub,tests/epub.features.epub,tests/epub/features.epub,test/epub/features.epub
tests/features.native,tests/epub.features.native,tests/epub/features.native,test/epub/features.native
tests/formatting.epub,tests/epub.formatting.epub,tests/epub/formatting.epub,test/epub/formatting.epub
tests/formatting.native,tests/epub.formatting.native,tests/epub/formatting.native,test/epub/formatting.native
tests/docx.already_auto_ident.docx,tests/docx/already_auto_ident.docx,test/docx/already_auto_ident.docx
tests/docx.already_auto_ident.native,tests/docx/already_auto_ident.native,test/docx/already_auto_ident.native
tests/docx.block_quotes.docx,tests/docx/block_quotes.docx,test/docx/block_quotes.docx
tests/docx.block_quotes_parse_indent.native,tests/docx/block_quotes_parse_indent.native,test/docx/block_quotes_parse_indent.native,test/docx/block_quotes.native
tests/docx.codeblock.docx,tests/docx/codeblock.docx,test/docx/codeblock.docx
tests/docx.codeblock.native,tests/docx/codeblock.native,test/docx/codeblock.native
tests/docx.deep_normalize.docx,tests/docx/deep_normalize.docx,test/docx/deep_normalize.docx
tests/docx.deep_normalize.native,tests/docx/deep_normalize.native,test/docx/deep_normalize.native
tests/docx.definition_list.docx,tests/docx/definition_list.docx,test/docx/definition_list.docx
tests/docx.definition_list.native,tests/docx/definition_list.native,test/docx/definition_list.native
tests/docx.drop_cap.docx,tests/docx/drop_cap.docx,test/docx/drop_cap.docx
tests/docx.drop_cap.native,tests/docx/drop_cap.native,test/docx/drop_cap.native
tests/docx.hanging_indent.docx,tests/docx/hanging_indent.docx,test/docx/hanging_indent.docx
tests/docx.hanging_indent.native,tests/docx/hanging_indent.native,test/docx/hanging_indent.native
tests/docx.headers.docx,tests/docx/headers.docx,test/docx/headers.docx
tests/docx.headers.native,tests/docx/headers.native,test/docx/headers.native
tests/docx.image.docx,tests/docx/image.docx,test/docx/image.docx
tests/docx.image_no_embed.native,tests/docx/image_no_embed.native,test/docx/image_no_embed.native
tests/docx.inline_code.docx,tests/docx/inline_code.docx,test/docx/inline_code.docx
tests/docx.inline_code.native,tests/docx/inline_code.native,test/docx/inline_code.native
tests/docx.inline_formatting.docx,tests/docx/inline_formatting.docx,test/docx/inline_formatting.docx
tests/docx.inline_formatting.native,tests/docx/inline_formatting.native,test/docx/inline_formatting.native
tests/docx.inline_images.docx,tests/docx/inline_images.docx,test/docx/inline_images.docx
tests/docx.inline_images.native,tests/docx/inline_images.native,test/docx/inline_images.native
tests/docx.links.docx,tests/docx/links.docx,test/docx/links.docx
tests/docx.links.native,tests/docx/links.native,test/docx/links.native
tests/docx.lists.docx,tests/docx/lists.docx,test/docx/lists.docx
tests/docx.lists.native,tests/docx/lists.native,test/docx/lists.native
tests/docx.metadata.docx,tests/docx/metadata.docx,test/docx/metadata.docx
tests/docx.metadata.native,tests/docx/metadata.native,test/docx/metadata.native
tests/docx.metadata_after_normal.docx,tests/docx/metadata_after_normal.docx,test/docx/metadata_after_normal.docx
tests/docx.metadata_after_normal.native,tests/docx/metadata_after_normal.native,test/docx/metadata_after_normal.native
tests/docx.normalize.docx,tests/docx/normalize.docx,test/docx/normalize.docx
tests/docx.normalize.native,tests/docx/normalize.native,test/docx/normalize.native
tests/docx.notes.docx,tests/docx/notes.docx,test/docx/notes.docx
tests/docx.notes.native,tests/docx/notes.native,test/docx/notes.native
tests/docx.tables.docx,tests/docx/tables.docx,test/docx/tables.docx
tests/docx.tables.native,tests/docx/tables.native,test/docx/tables.native
tests/docx.tabs.docx,tests/docx/tabs.docx,test/docx/tabs.docx
tests/docx.tabs.native,tests/docx/tabs.native,test/docx/tabs.native
tests/docx.track_changes_deletion.docx,tests/docx/track_changes_deletion.docx,test/docx/track_changes_deletion.docx
tests/docx.track_changes_deletion_all.native,tests/docx/track_changes_deletion_all.native,test/docx/track_changes_deletion_all.native
tests/docx.track_changes_deletion_reject.native,tests/docx/track_changes_deletion_reject.native,test/docx/track_changes_deletion_reject.native
tests/docx.track_changes_insertion.docx,tests/docx/track_changes_insertion.docx,test/docx/track_changes_insertion.docx
tests/docx.track_changes_insertion_all.native,tests/docx/track_changes_insertion_all.native,test/docx/track_changes_insertion_all.native
tests/docx.track_changes_insertion_reject.native,tests/docx/track_changes_insertion_reject.native,test/docx/track_changes_insertion_reject.native
tests/docx.trailing_spaces_in_formatting.docx,tests/docx/trailing_spaces_in_formatting.docx,test/docx/trailing_spaces_in_formatting.docx
tests/docx.trailing_spaces_in_formatting.native,tests/docx/trailing_spaces_in_formatting.native,test/docx/trailing_spaces_in_formatting.native
tests/docx.unicode.docx,tests/docx/unicode.docx,test/docx/unicode.docx
tests/docx.unicode.native,tests/docx/unicode.native,test/docx/unicode.native
tests/dokuwiki.inline_formatting.dokuwiki,tests/dokuwiki_inline_formatting.dokuwiki,test/dokuwiki_inline_formatting.dokuwiki
tests/dokuwiki.inline_formatting.native,tests/dokuwiki_inline_formatting.native,test/dokuwiki_inline_formatting.native
tests/epub.wasteland.epub,tests/epub/wasteland.epub,test/epub/wasteland.epub
tests/epub.wasteland.native,tests/epub/wasteland.native,test/epub/wasteland.native
tests/fb2.basic.fb2,tests/fb2/basic.fb2,test/fb2/basic.fb2
tests/fb2.basic.markdown,tests/fb2/basic.markdown,test/fb2/basic.markdown
tests/fb2.images-embedded.fb2,tests/fb2/images-embedded.fb2,test/fb2/images-embedded.fb2
tests/fb2.images-embedded.html,tests/fb2/images-embedded.html,test/fb2/images-embedded.html
tests/fb2.images.fb2,tests/fb2/images.fb2,test/fb2/images.fb2
tests/fb2.images.markdown,tests/fb2/images.markdown,test/fb2/images.markdown
tests/fb2.math.fb2,tests/fb2/math.fb2,test/fb2/math.fb2
tests/fb2.math.markdown,tests/fb2/math.markdown,test/fb2/math.markdown
tests/fb2.test-small.png,tests/fb2/test-small.png,test/fb2/test-small.png
tests/fb2.test.jpg,tests/fb2/test.jpg,test/fb2/test.jpg
tests/fb2.titles.fb2,tests/fb2/titles.fb2,test/fb2/titles.fb2
tests/fb2.titles.markdown,tests/fb2/titles.markdown,test/fb2/titles.markdown
tests/s5.basic.html,tests/s5-basic.html,test/s5-basic.html
tests/s5.fancy.html,tests/s5-fancy.html,test/s5-fancy.html
tests/s5.fragment.html,tests/s5-fragment.html,test/s5-fragment.html
tests/s5.inserts.html,tests/s5-inserts.html,test/s5-inserts.html
make_binary_package.sh,make_deb.sh,deb/make_deb.sh
man/man5/pandoc_markdown.5.template,data/pandoc_markdown.5.template
stack.pkg.yaml,osx/stack.yaml,macos/stack.yaml,stack.pkg.yaml
osx/distribution.xml,osx/distribution.xml.in,macos/distribution.xml.in
README,MANUAL.txt
extract-changes.hs,tools/extract-changes.hs
github-upload.sh,tools/github-upload.sh
tests/tables.html,tests/tables.html4,test/tables.html4
tests/writer.html,tests/writer.html4,test/writer.html4
default.epub,default.epub2
tests/writer.docbook,tests/writer.docbook4,test/writer.docbook4
osx/uninstall-pandoc.pl,macos/uninstall-pandoc.pl
tests/Tests/Readers/EPUB.hs,test/Tests/Readers/EPUB.hs
tests/Tests/Readers/HTML.hs,test/Tests/Readers/HTML.hs
tests/Tests/Readers/Odt.hs,test/Tests/Readers/Odt.hs,test/Tests/Readers/ODT.hs
tests/Tests/Readers/Org.hs,test/Tests/Readers/Org.hs
tests/Tests/Readers/Txt2Tags.hs,test/Tests/Readers/Txt2Tags.hs
tests/Tests/Writers/AsciiDoc.hs,test/Tests/Writers/AsciiDoc.hs
tests/Tests/Writers/Docbook.hs,test/Tests/Writers/Docbook.hs,test/Tests/Writers/DocBook.hs
tests/Tests/Writers/Docx.hs,test/Tests/Writers/Docx.hs
tests/Tests/Writers/Plain.hs,test/Tests/Writers/Plain.hs
tests/Tests/Writers/RST.hs,test/Tests/Writers/RST.hs
tests/Tests/Writers/TEI.hs,test/Tests/Writers/TEI.hs
tests/bodybg.gif,test/bodybg.gif
tests/docbook-reader.docbook,test/docbook-reader.docbook
tests/docbook-reader.native,test/docbook-reader.native
tests/docbook-xref.docbook,test/docbook-xref.docbook
tests/docbook-xref.native,test/docbook-xref.native
tests/docx/adjacent_links.docx,test/docx/adjacent_links.docx
tests/docx/adjacent_links.native,test/docx/adjacent_links.native
tests/docx/char_styles.docx,test/docx/char_styles.docx
tests/docx/char_styles.native,test/docx/char_styles.native
tests/docx/comments.docx,test/docx/comments.docx
tests/docx/comments.native,test/docx/comments.native
tests/docx/comments_no_comments.native,test/docx/comments_no_comments.native
tests/docx/comments_warning.docx,test/docx/comments_warning.docx
tests/docx/custom-style-reference.docx,test/docx/custom-style-reference.docx
tests/docx/custom-style-roundtrip-end.native,test/docx/custom-style-roundtrip-end.native
tests/docx/custom-style-roundtrip-start.native,test/docx/custom-style-roundtrip-start.native,test/docx/custom_style.native
tests/docx/dummy_item_after_list_item.docx,test/docx/dummy_item_after_list_item.docx
tests/docx/dummy_item_after_list_item.native,test/docx/dummy_item_after_list_item.native
tests/docx/dummy_item_after_paragraph.docx,test/docx/dummy_item_after_paragraph.docx
tests/docx/dummy_item_after_paragraph.native,test/docx/dummy_item_after_paragraph.native
tests/docx/enumerated_headings.docx,test/docx/enumerated_headings.docx
tests/docx/enumerated_headings.native,test/docx/enumerated_headings.native
tests/docx/german_styled_lists.docx,test/docx/german_styled_lists.docx
tests/docx/german_styled_lists.native,test/docx/german_styled_lists.native
tests/docx/i18n_blocks.docx,test/docx/i18n_blocks.docx
tests/docx/i18n_blocks.native,test/docx/i18n_blocks.native
tests/docx/image_no_embed_writer.native,test/docx/image_no_embed_writer.native
tests/docx/image_vml.docx,test/docx/image_vml.docx
tests/docx/image_vml.native,test/docx/image_vml.native
tests/docx/inline_formatting_writer.native,test/docx/inline_formatting_writer.native
tests/docx/inline_images_writer.native,test/docx/inline_images_writer.native
tests/docx/link_in_notes.docx,test/docx/link_in_notes.docx
tests/docx/link_in_notes.native,test/docx/link_in_notes.native
tests/docx/links_writer.native,test/docx/links_writer.native
tests/docx/lists_writer.native,test/docx/lists_writer.native
tests/docx/nested_anchors_in_header.docx,test/docx/nested_anchors_in_header.docx
tests/docx/nested_anchors_in_header.native,test/docx/nested_anchors_in_header.native
tests/docx/numbered_header.docx,test/docx/numbered_header.docx
tests/docx/numbered_header.native,test/docx/numbered_header.native
tests/docx/special_punctuation.docx,test/docx/special_punctuation.docx
tests/docx/special_punctuation.native,test/docx/special_punctuation.native
tests/docx/table_one_row.docx,test/docx/table_one_row.docx
tests/docx/table_one_row.native,test/docx/table_one_row.native
tests/docx/table_with_list_cell.docx,test/docx/table_with_list_cell.docx
tests/docx/table_with_list_cell.native,test/docx/table_with_list_cell.native
tests/docx/track_changes_move.docx,test/docx/track_changes_move.docx
tests/docx/track_changes_move_accept.native,test/docx/track_changes_move_accept.native
tests/docx/track_changes_move_all.native,test/docx/track_changes_move_all.native
tests/docx/track_changes_move_reject.native,test/docx/track_changes_move_reject.native
tests/docx/verbatim_subsuper.docx,test/docx/verbatim_subsuper.docx
tests/docx/verbatim_subsuper.native,test/docx/verbatim_subsuper.native
tests/dokuwiki_external_images.dokuwiki,test/dokuwiki_external_images.dokuwiki
tests/dokuwiki_external_images.native,test/dokuwiki_external_images.native
tests/dokuwiki_multiblock_table.dokuwiki,test/dokuwiki_multiblock_table.dokuwiki
tests/dokuwiki_multiblock_table.native,test/dokuwiki_multiblock_table.native
tests/epub/img.epub,test/epub/img.epub
tests/haddock-reader.haddock,test/haddock-reader.haddock
tests/haddock-reader.native,test/haddock-reader.native
tests/html-reader.html,test/html-reader.html
tests/html-reader.native,test/html-reader.native
tests/insert,test/insert
tests/lalune.jpg,test/lalune.jpg
tests/latex-reader.latex,test/latex-reader.latex
tests/latex-reader.native,test/latex-reader.native
tests/lhs-test-markdown.native,test/lhs-test-markdown.native
tests/lhs-test.fragment.html+lhs,test/lhs-test.fragment.html+lhs
tests/lhs-test.html,test/lhs-test.html
tests/lhs-test.html+lhs,test/lhs-test.html+lhs
tests/lhs-test.latex,test/lhs-test.latex
tests/lhs-test.latex+lhs,test/lhs-test.latex+lhs
tests/lhs-test.markdown,test/lhs-test.markdown
tests/lhs-test.markdown+lhs,test/lhs-test.markdown+lhs
tests/lhs-test.native,test/lhs-test.native
tests/lhs-test.rst,test/lhs-test.rst
tests/lhs-test.rst+lhs,test/lhs-test.rst+lhs
tests/markdown-citations.native,test/markdown-citations.native
tests/markdown-citations.txt,test/markdown-citations.txt
tests/markdown-reader-more.native,test/markdown-reader-more.native
tests/markdown-reader-more.txt,test/markdown-reader-more.txt
tests/media/rId25.jpg,test/media/rId25.jpg
tests/media/rId26.jpg,test/media/rId26.jpg
tests/media/rId27.jpg,test/media/rId27.jpg
tests/mediawiki-reader.native,test/mediawiki-reader.native
tests/mediawiki-reader.wiki,test/mediawiki-reader.wiki
tests/movie.jpg,test/movie.jpg
tests/odt/markdown/bold.md,test/odt/markdown/bold.md
tests/odt/markdown/citation.md,test/odt/markdown/citation.md
tests/odt/markdown/endnote.md,test/odt/markdown/endnote.md
tests/odt/markdown/externalLink.md,test/odt/markdown/externalLink.md
tests/odt/markdown/footnote.md,test/odt/markdown/footnote.md
tests/odt/markdown/headers.md,test/odt/markdown/headers.md
tests/odt/markdown/horizontalRule.md,test/odt/markdown/horizontalRule.md
tests/odt/markdown/image.md,test/odt/markdown/image.md
tests/odt/markdown/imageIndex.md,test/odt/markdown/imageIndex.md
tests/odt/markdown/imageWithCaption.md,test/odt/markdown/imageWithCaption.md
tests/odt/markdown/italic.md,test/odt/markdown/italic.md
tests/odt/markdown/listBlocks.md,test/odt/markdown/listBlocks.md
tests/odt/markdown/paragraph.md,test/odt/markdown/paragraph.md
tests/odt/markdown/strikeout.md,test/odt/markdown/strikeout.md
tests/odt/markdown/trackedChanges.md,test/odt/markdown/trackedChanges.md
tests/odt/markdown/underlined.md,test/odt/markdown/underlined.md
tests/odt/native/blockquote.native,test/odt/native/blockquote.native
tests/odt/native/image.native,test/odt/native/image.native
tests/odt/native/imageIndex.native,test/odt/native/imageIndex.native
tests/odt/native/imageWithCaption.native,test/odt/native/imageWithCaption.native
tests/odt/native/inlinedCode.native,test/odt/native/inlinedCode.native
tests/odt/native/orderedListMixed.native,test/odt/native/orderedListMixed.native
tests/odt/native/orderedListRoman.native,test/odt/native/orderedListRoman.native
tests/odt/native/orderedListSimple.native,test/odt/native/orderedListSimple.native
tests/odt/native/referenceToChapter.native,test/odt/native/referenceToChapter.native
tests/odt/native/referenceToListItem.native,test/odt/native/referenceToListItem.native
tests/odt/native/referenceToText.native,test/odt/native/referenceToText.native
tests/odt/native/simpleTable.native,test/odt/native/simpleTable.native
tests/odt/native/simpleTableWithCaption.native,test/odt/native/simpleTableWithCaption.native
tests/odt/native/tableWithContents.native,test/odt/native/tableWithContents.native
tests/odt/native/textMixedStyles.native,test/odt/native/textMixedStyles.native
tests/odt/native/unicode.native,test/odt/native/unicode.native
tests/odt/native/unorderedList.native,test/odt/native/unorderedList.native
tests/odt/odt/blockquote.odt,test/odt/odt/blockquote.odt
tests/odt/odt/bold.odt,test/odt/odt/bold.odt
tests/odt/odt/citation.odt,test/odt/odt/citation.odt
tests/odt/odt/endnote.odt,test/odt/odt/endnote.odt
tests/odt/odt/expression.odt,test/odt/odt/expression.odt
tests/odt/odt/expressionUnevaluated.odt,test/odt/odt/expressionUnevaluated.odt
tests/odt/odt/externalLink.odt,test/odt/odt/externalLink.odt
tests/odt/odt/footnote.odt,test/odt/odt/footnote.odt
tests/odt/odt/formula.odt,test/odt/odt/formula.odt
tests/odt/odt/headers.odt,test/odt/odt/headers.odt
tests/odt/odt/hiddenTextByStyle.odt,test/odt/odt/hiddenTextByStyle.odt
tests/odt/odt/hiddenTextByVariable.odt,test/odt/odt/hiddenTextByVariable.odt
tests/odt/odt/horizontalRule.odt,test/odt/odt/horizontalRule.odt
tests/odt/odt/image.odt,test/odt/odt/image.odt
tests/odt/odt/imageIndex.odt,test/odt/odt/imageIndex.odt
tests/odt/odt/imageWithCaption.odt,test/odt/odt/imageWithCaption.odt
tests/odt/odt/inlinedCode.odt,test/odt/odt/inlinedCode.odt
tests/odt/odt/italic.odt,test/odt/odt/italic.odt
tests/odt/odt/listBlocks.odt,test/odt/odt/listBlocks.odt
tests/odt/odt/orderedListMixed.odt,test/odt/odt/orderedListMixed.odt
tests/odt/odt/orderedListRoman.odt,test/odt/odt/orderedListRoman.odt
tests/odt/odt/orderedListSimple.odt,test/odt/odt/orderedListSimple.odt
tests/odt/odt/paragraph.odt,test/odt/odt/paragraph.odt
tests/odt/odt/referenceAllInOne.odt,test/odt/odt/referenceAllInOne.odt
tests/odt/odt/referenceToChapter.odt,test/odt/odt/referenceToChapter.odt
tests/odt/odt/referenceToListItem.odt,test/odt/odt/referenceToListItem.odt
tests/odt/odt/referenceToText.odt,test/odt/odt/referenceToText.odt
tests/odt/odt/simpleTable.odt,test/odt/odt/simpleTable.odt
tests/odt/odt/simpleTableWithCaption.odt,test/odt/odt/simpleTableWithCaption.odt
tests/odt/odt/strikeout.odt,test/odt/odt/strikeout.odt
tests/odt/odt/table.odt,test/odt/odt/table.odt
tests/odt/odt/tableWithCaption.odt,test/odt/odt/tableWithCaption.odt
tests/odt/odt/tableWithContents.odt,test/odt/odt/tableWithContents.odt
tests/odt/odt/textMixedStyles.odt,test/odt/odt/textMixedStyles.odt
tests/odt/odt/trackedChanges.odt,test/odt/odt/trackedChanges.odt
tests/odt/odt/underlined.odt,test/odt/odt/underlined.odt
tests/odt/odt/unicode.odt,test/odt/odt/unicode.odt
tests/odt/odt/unorderedList.odt,test/odt/odt/unorderedList.odt
tests/odt/odt/variable.odt,test/odt/odt/variable.odt
tests/opml-reader.native,test/opml-reader.native
tests/opml-reader.opml,test/opml-reader.opml
tests/rst-reader.native,test/rst-reader.native
tests/rst-reader.rst,test/rst-reader.rst
tests/s5.native,test/s5.native
tests/tables-rstsubset.native,test/tables-rstsubset.native
tests/tables.asciidoc,test/tables.asciidoc
tests/tables.context,test/tables.context
tests/tables.docbook5,test/tables.docbook5
tests/tables.dokuwiki,test/tables.dokuwiki
tests/tables.fb2,test/tables.fb2
tests/tables.haddock,test/tables.haddock
tests/tables.html5,test/tables.html5
tests/tables.icml,test/tables.icml
tests/tables.man,test/tables.man
tests/tables.markdown,test/tables.markdown
tests/tables.mediawiki,test/tables.mediawiki
tests/tables.native,test/tables.native
tests/tables.opendocument,test/tables.opendocument
tests/tables.org,test/tables.org
tests/tables.plain,test/tables.plain
tests/tables.rst,test/tables.rst
tests/tables.rtf,test/tables.rtf
tests/tables.tei,test/tables.tei
tests/tables.texinfo,test/tables.texinfo
tests/tables.textile,test/tables.textile
tests/tables.txt,test/tables.txt
tests/tables.zimwiki,test/tables.zimwiki
tests/testsuite.native,test/testsuite.native
tests/testsuite.txt,test/testsuite.txt
tests/textile-reader.native,test/textile-reader.native
tests/textile-reader.textile,test/textile-reader.textile
tests/twiki-reader.native,test/twiki-reader.native
tests/twiki-reader.twiki,test/twiki-reader.twiki
tests/txt2tags.native,test/txt2tags.native
tests/txt2tags.t2t,test/txt2tags.t2t
tests/writer.asciidoc,test/writer.asciidoc
tests/writer.context,test/writer.context
tests/writer.docbook5,test/writer.docbook5
tests/writer.dokuwiki,test/writer.dokuwiki
tests/writer.fb2,test/writer.fb2
tests/writer.haddock,test/writer.haddock
tests/writer.html5,test/writer.html5
tests/writer.icml,test/writer.icml
tests/writer.latex,test/writer.latex
tests/writer.man,test/writer.man
tests/writer.markdown,test/writer.markdown
tests/writer.mediawiki,test/writer.mediawiki
tests/writer.native,test/writer.native
tests/writer.opendocument,test/writer.opendocument
tests/writer.opml,test/writer.opml
tests/writer.org,test/writer.org
tests/writer.plain,test/writer.plain
tests/writer.rst,test/writer.rst
tests/writer.rtf,test/writer.rtf
tests/writer.tei,test/writer.tei
tests/writer.texinfo,test/writer.texinfo
tests/writer.textile,test/writer.textile
tests/writer.zimwiki,test/writer.zimwiki
tests/writers-lang-and-dir.context,test/writers-lang-and-dir.context
tests/writers-lang-and-dir.latex,test/writers-lang-and-dir.latex
tests/writers-lang-and-dir.native,test/writers-lang-and-dir.native
test/command/3384.md,test/command/3348.md
data/translations/de.trans,data/translations/de.yaml
data/translations/en.trans,data/translations/en.yaml
data/translations/fr.trans,data/translations/fr.yaml
doc/ldoc.ltp,tools/ldoc.ltp
data/List.lua,data/pandoc.List.lua
src/Text/Pandoc/Lua/PandocModule.hs,src/Text/Pandoc/Lua/Module/Pandoc.hs,pandoc-lua-engine/src/Text/Pandoc/Lua/Module/Pandoc.hs
src/Text/Pandoc/Filter/Json.hs,src/Text/Pandoc/Filter/JSON.hs
src/Text/Pandoc/Readers/Groff.hs,src/Text/Pandoc/Readers/Roff.hs
src/Text/Pandoc/GroffChar.hs,src/Text/Pandoc/RoffChar.hs
src/Text/Pandoc/Writers/Groff.hs,src/Text/Pandoc/Writers/Roff.hs
src/Text/Pandoc/Lua/StackInstances.hs,src/Text/Pandoc/Lua/Marshaling/AST.hs
test/lua/module/pandoc.utils.lua,test/lua/module/pandoc-utils.lua,pandoc-lua-engine/test/lua/module/pandoc-utils.lua
test/command/5646.md,test/command/5642.md
test/command/5685.md,test/command/5684.md
.github/workflows/haskell.yml,.github/workflows/ci.yml
changelog,changelog.md
test/A.txt,test/command/A.txt
test/B.txt,test/command/B.txt
test/C.txt,test/command/C.txt
test/D.txt,test/command/D.txt
data/emoji.json,emoji.json
data/templates/default.jats,data/templates/article.jats_publishing
test/tables.jats,test/tables.jats_archiving
test/writer.jats,test/writer.jats_archiving
linux/make_deb.sh,linux/make_artifacts.sh
test/Tests/Writers/Tables.hs,test/Tests/Writers/AnnotatedTable.hs
test/pptx/code-custom_deleted_layouts.pptx,test/pptx/code-custom/deleted-layouts.pptx
test/pptx/code-custom_moved_layouts.pptx,test/pptx/code-custom/moved-layouts.pptx
test/pptx/code-custom.pptx,test/pptx/code-custom/output.pptx
test/pptx/code-custom_templated.pptx,test/pptx/code-custom/templated.pptx
test/pptx/code_deleted_layouts.pptx,test/pptx/code/deleted-layouts.pptx
test/pptx/code.native,test/pptx/code/input.native
test/pptx/code_moved_layouts.pptx,test/pptx/code/moved-layouts.pptx
test/pptx/code.pptx,test/pptx/code/output.pptx
test/pptx/code_templated.pptx,test/pptx/code/templated.pptx
test/pptx/document-properties-short-desc_deleted_layouts.pptx,test/pptx/document-properties-short-desc/deleted-layouts.pptx
test/pptx/document-properties-short-desc.native,test/pptx/document-properties-short-desc/input.native
test/pptx/document-properties-short-desc_moved_layouts.pptx,test/pptx/document-properties-short-desc/moved-layouts.pptx
test/pptx/document-properties-short-desc.pptx,test/pptx/document-properties-short-desc/output.pptx
test/pptx/document-properties-short-desc_templated.pptx,test/pptx/document-properties-short-desc/templated.pptx
test/pptx/document-properties_deleted_layouts.pptx,test/pptx/document-properties/deleted-layouts.pptx
test/pptx/document-properties.native,test/pptx/document-properties/input.native
test/pptx/document-properties_moved_layouts.pptx,test/pptx/document-properties/moved-layouts.pptx
test/pptx/document-properties.pptx,test/pptx/document-properties/output.pptx
test/pptx/document-properties_templated.pptx,test/pptx/document-properties/templated.pptx
test/pptx/endnotes_toc_deleted_layouts.pptx,test/pptx/endnotes-toc/deleted-layouts.pptx
test/pptx/endnotes_toc_moved_layouts.pptx,test/pptx/endnotes-toc/moved-layouts.pptx
test/pptx/endnotes_toc.pptx,test/pptx/endnotes-toc/output.pptx
test/pptx/endnotes_toc_templated.pptx,test/pptx/endnotes-toc/templated.pptx
test/pptx/endnotes_deleted_layouts.pptx,test/pptx/endnotes/deleted-layouts.pptx
test/pptx/endnotes.native,test/pptx/endnotes/input.native
test/pptx/endnotes_moved_layouts.pptx,test/pptx/endnotes/moved-layouts.pptx
test/pptx/endnotes.pptx,test/pptx/endnotes/output.pptx
test/pptx/endnotes_templated.pptx,test/pptx/endnotes/templated.pptx
test/pptx/images_deleted_layouts.pptx,test/pptx/images/deleted-layouts.pptx
test/pptx/images.native,test/pptx/images/input.native
test/pptx/images_moved_layouts.pptx,test/pptx/images/moved-layouts.pptx
test/pptx/images.pptx,test/pptx/images/output.pptx
test/pptx/images_templated.pptx,test/pptx/images/templated.pptx
test/pptx/inline_formatting_deleted_layouts.pptx,test/pptx/inline-formatting/deleted-layouts.pptx
test/pptx/inline_formatting.native,test/pptx/inline-formatting/input.native
test/pptx/inline_formatting_moved_layouts.pptx,test/pptx/inline-formatting/moved-layouts.pptx
test/pptx/inline_formatting.pptx,test/pptx/inline-formatting/output.pptx
test/pptx/inline_formatting_templated.pptx,test/pptx/inline-formatting/templated.pptx
test/pptx/lists_deleted_layouts.pptx,test/pptx/lists/deleted-layouts.pptx
test/pptx/lists.native,test/pptx/lists/input.native
test/pptx/lists_moved_layouts.pptx,test/pptx/lists/moved-layouts.pptx
test/pptx/lists.pptx,test/pptx/lists/output.pptx
test/pptx/lists_templated.pptx,test/pptx/lists/templated.pptx
test/pptx/raw_ooxml_deleted_layouts.pptx,test/pptx/raw-ooxml/deleted-layouts.pptx
test/pptx/raw_ooxml.native,test/pptx/raw-ooxml/input.native
test/pptx/raw_ooxml_moved_layouts.pptx,test/pptx/raw-ooxml/moved-layouts.pptx
test/pptx/raw_ooxml.pptx,test/pptx/raw-ooxml/output.pptx
test/pptx/raw_ooxml_templated.pptx,test/pptx/raw-ooxml/templated.pptx
test/pptx/reference_deleted_layouts.pptx,test/pptx/reference-deleted-layouts.pptx
test/pptx/reference_depth.pptx,test/pptx/reference-depth.pptx
test/pptx/reference_moved_layouts.pptx,test/pptx/reference-moved-layouts.pptx
test/pptx/remove_empty_slides_deleted_layouts.pptx,test/pptx/remove-empty-slides/deleted-layouts.pptx
test/pptx/remove_empty_slides.native,test/pptx/remove-empty-slides/input.native
test/pptx/remove_empty_slides_moved_layouts.pptx,test/pptx/remove-empty-slides/moved-layouts.pptx
test/pptx/remove_empty_slides.pptx,test/pptx/remove-empty-slides/output.pptx
test/pptx/remove_empty_slides_templated.pptx,test/pptx/remove-empty-slides/templated.pptx
test/pptx/slide_breaks_slide_level_1_deleted_layouts.pptx,test/pptx/slide-breaks-slide-level-1/deleted-layouts.pptx
test/pptx/slide_breaks_slide_level_1_moved_layouts.pptx,test/pptx/slide-breaks-slide-level-1/moved-layouts.pptx
test/pptx/slide_breaks_slide_level_1.pptx,test/pptx/slide-breaks-slide-level-1/output.pptx
test/pptx/slide_breaks_slide_level_1_templated.pptx,test/pptx/slide-breaks-slide-level-1/templated.pptx
test/pptx/slide_breaks_toc_deleted_layouts.pptx,test/pptx/slide-breaks-toc/deleted-layouts.pptx
test/pptx/slide_breaks_toc_moved_layouts.pptx,test/pptx/slide-breaks-toc/moved-layouts.pptx
test/pptx/slide_breaks_toc.pptx,test/pptx/slide-breaks-toc/output.pptx
test/pptx/slide_breaks_toc_templated.pptx,test/pptx/slide-breaks-toc/templated.pptx
test/pptx/slide_breaks_deleted_layouts.pptx,test/pptx/slide-breaks/deleted-layouts.pptx
test/pptx/slide_breaks.native,test/pptx/slide-breaks/input.native
test/pptx/slide_breaks_moved_layouts.pptx,test/pptx/slide-breaks/moved-layouts.pptx
test/pptx/slide_breaks.pptx,test/pptx/slide-breaks/output.pptx
test/pptx/slide_breaks_templated.pptx,test/pptx/slide-breaks/templated.pptx
test/pptx/slide-level-0-h1-h2-with-table_deleted_layouts.pptx,test/pptx/slide-level-0/h1-h2-with-table/deleted-layouts.pptx
test/pptx/slide-level-0-h1-h2-with-table.native,test/pptx/slide-level-0/h1-h2-with-table/input.native
test/pptx/slide-level-0-h1-h2-with-table_moved_layouts.pptx,test/pptx/slide-level-0/h1-h2-with-table/moved-layouts.pptx
test/pptx/slide-level-0-h1-h2-with-table.pptx,test/pptx/slide-level-0/h1-h2-with-table/output.pptx
test/pptx/slide-level-0-h1-h2-with-table_templated.pptx,test/pptx/slide-level-0/h1-h2-with-table/templated.pptx
test/pptx/slide-level-0-h1-with-image_deleted_layouts.pptx,test/pptx/slide-level-0/h1-with-image/deleted-layouts.pptx
test/pptx/slide-level-0-h1-with-image.native,test/pptx/slide-level-0/h1-with-image/input.native
test/pptx/slide-level-0-h1-with-image_moved_layouts.pptx,test/pptx/slide-level-0/h1-with-image/moved-layouts.pptx
test/pptx/slide-level-0-h1-with-image.pptx,test/pptx/slide-level-0/h1-with-image/output.pptx
test/pptx/slide-level-0-h1-with-image_templated.pptx,test/pptx/slide-level-0/h1-with-image/templated.pptx
test/pptx/slide-level-0-h1-with-table_deleted_layouts.pptx,test/pptx/slide-level-0/h1-with-table/deleted-layouts.pptx
test/pptx/slide-level-0-h1-with-table.native,test/pptx/slide-level-0/h1-with-table/input.native
test/pptx/slide-level-0-h1-with-table_moved_layouts.pptx,test/pptx/slide-level-0/h1-with-table/moved-layouts.pptx
test/pptx/slide-level-0-h1-with-table.pptx,test/pptx/slide-level-0/h1-with-table/output.pptx
test/pptx/slide-level-0-h1-with-table_templated.pptx,test/pptx/slide-level-0/h1-with-table/templated.pptx
test/pptx/slide-level-0-h2-with-image_deleted_layouts.pptx,test/pptx/slide-level-0/h2-with-image/deleted-layouts.pptx
test/pptx/slide-level-0-h2-with-image.native,test/pptx/slide-level-0/h2-with-image/input.native
test/pptx/slide-level-0-h2-with-image_moved_layouts.pptx,test/pptx/slide-level-0/h2-with-image/moved-layouts.pptx
test/pptx/slide-level-0-h2-with-image.pptx,test/pptx/slide-level-0/h2-with-image/output.pptx
test/pptx/slide-level-0-h2-with-image_templated.pptx,test/pptx/slide-level-0/h2-with-image/templated.pptx
test/pptx/speaker_notes_after_metadata_deleted_layouts.pptx,test/pptx/speaker-notes-after-metadata/deleted-layouts.pptx
test/pptx/speaker_notes_after_metadata.native,test/pptx/speaker-notes-after-metadata/input.native
test/pptx/speaker_notes_after_metadata_moved_layouts.pptx,test/pptx/speaker-notes-after-metadata/moved-layouts.pptx
test/pptx/speaker_notes_after_metadata.pptx,test/pptx/speaker-notes-after-metadata/output.pptx
test/pptx/speaker_notes_after_metadata_templated.pptx,test/pptx/speaker-notes-after-metadata/templated.pptx
test/pptx/speaker_notes_afterheader_deleted_layouts.pptx,test/pptx/speaker-notes-afterheader/deleted-layouts.pptx
test/pptx/speaker_notes_afterheader.native,test/pptx/speaker-notes-afterheader/input.native
test/pptx/speaker_notes_afterheader_moved_layouts.pptx,test/pptx/speaker-notes-afterheader/moved-layouts.pptx
test/pptx/speaker_notes_afterheader.pptx,test/pptx/speaker-notes-afterheader/output.pptx
test/pptx/speaker_notes_afterheader_templated.pptx,test/pptx/speaker-notes-afterheader/templated.pptx
test/pptx/speaker_notes_afterseps_deleted_layouts.pptx,test/pptx/speaker-notes-afterseps/deleted-layouts.pptx,test/pptx/layouts/deleted.pptx
test/pptx/speaker_notes_afterseps.native,test/pptx/speaker-notes-afterseps/input.native
test/pptx/speaker_notes_afterseps_moved_layouts.pptx,test/pptx/speaker-notes-afterseps/moved-layouts.pptx,test/pptx/layouts/moved.pptx
test/pptx/speaker_notes_afterseps.pptx,test/pptx/speaker-notes-afterseps/output.pptx
test/pptx/speaker_notes_afterseps_templated.pptx,test/pptx/speaker-notes-afterseps/templated.pptx
test/pptx/speaker_notes_deleted_layouts.pptx,test/pptx/speaker-notes/deleted-layouts.pptx
test/pptx/speaker_notes.native,test/pptx/speaker-notes/input.native
test/pptx/speaker_notes_moved_layouts.pptx,test/pptx/speaker-notes/moved-layouts.pptx
test/pptx/speaker_notes.pptx,test/pptx/speaker-notes/output.pptx
test/pptx/speaker_notes_templated.pptx,test/pptx/speaker-notes/templated.pptx
test/pptx/start_numbering_at_deleted_layouts.pptx,test/pptx/start-numbering-at/deleted-layouts.pptx
test/pptx/start_numbering_at.native,test/pptx/start-numbering-at/input.native
test/pptx/start_numbering_at_moved_layouts.pptx,test/pptx/start-numbering-at/moved-layouts.pptx
test/pptx/start_numbering_at.pptx,test/pptx/start-numbering-at/output.pptx
test/pptx/start_numbering_at_templated.pptx,test/pptx/start-numbering-at/templated.pptx
test/pptx/tables_deleted_layouts.pptx,test/pptx/tables/deleted-layouts.pptx
test/pptx/tables.native,test/pptx/tables/input.native
test/pptx/tables_moved_layouts.pptx,test/pptx/tables/moved-layouts.pptx
test/pptx/tables.pptx,test/pptx/tables/output.pptx
test/pptx/tables_templated.pptx,test/pptx/tables/templated.pptx
test/pptx/two_column_deleted_layouts.pptx,test/pptx/two-column/deleted-layouts.pptx,test/pptx/two-column/all-text/deleted-layouts.pptx
test/pptx/two_column.native,test/pptx/two-column/input.native,test/pptx/two-column/all-text/input.native
test/pptx/two_column_moved_layouts.pptx,test/pptx/two-column/moved-layouts.pptx,test/pptx/two-column/all-text/moved-layouts.pptx
test/pptx/two_column.pptx,test/pptx/two-column/output.pptx,test/pptx/two-column/all-text/output.pptx
test/pptx/two_column_templated.pptx,test/pptx/two-column/templated.pptx,test/pptx/two-column/all-text/templated.pptx
.github/workflows/lint.yml,.github/workflows/lint.yml.bkp
doc/custom-readers.lua,doc/custom-readers.md
src/Text/Pandoc/Lua/Marshaling/CommonState.hs,src/Text/Pandoc/Lua/Marshal/CommonState.hs,pandoc-lua-engine/src/Text/Pandoc/Lua/Marshal/CommonState.hs
src/Text/Pandoc/Lua/Marshaling/Context.hs,src/Text/Pandoc/Lua/Marshal/Context.hs,pandoc-lua-engine/src/Text/Pandoc/Lua/Marshal/Context.hs
src/Text/Pandoc/Lua/Marshaling/PandocError.hs,src/Text/Pandoc/Lua/Marshal/PandocError.hs,pandoc-lua-engine/src/Text/Pandoc/Lua/Marshal/PandocError.hs
src/Text/Pandoc/Lua/Marshaling/ReaderOptions.hs,src/Text/Pandoc/Lua/Marshal/ReaderOptions.hs,pandoc-lua-engine/src/Text/Pandoc/Lua/Marshal/ReaderOptions.hs
src/Text/Pandoc/Parsing/Combinators.hs,src/Text/Pandoc/Parsing/General.hs
pandoc-cgi/PandocCGI.hs,server/PandocServer.hs
server/pandoc-server.md,doc/pandoc-server.md
linux/pandoc.control.in,linux/control.in
src/Text/Pandoc/Server.hs,pandoc-server/src/Text/Pandoc/Server.hs
src/Text/Pandoc/XML/Light.hs,xml-light/Text/Pandoc/XML/Light.hs
src/Text/Pandoc/XML/Light/Output.hs,xml-light/Text/Pandoc/XML/Light/Output.hs
src/Text/Pandoc/XML/Light/Proc.hs,xml-light/Text/Pandoc/XML/Light/Proc.hs
src/Text/Pandoc/XML/Light/Types.hs,xml-light/Text/Pandoc/XML/Light/Types.hs
src/Text/Pandoc/Lua.hs,pandoc-lua-engine/src/Text/Pandoc/Lua.hs
src/Text/Pandoc/Lua/ErrorConversion.hs,pandoc-lua-engine/src/Text/Pandoc/Lua/ErrorConversion.hs
src/Text/Pandoc/Lua/Filter.hs,pandoc-lua-engine/src/Text/Pandoc/Lua/Filter.hs
src/Text/Pandoc/Lua/Global.hs,pandoc-lua-engine/src/Text/Pandoc/Lua/Global.hs
src/Text/Pandoc/Lua/Init.hs,pandoc-lua-engine/src/Text/Pandoc/Lua/Init.hs
src/Text/Pandoc/Lua/Marshal/Reference.hs,pandoc-lua-engine/src/Text/Pandoc/Lua/Marshal/Reference.hs
src/Text/Pandoc/Lua/Marshal/Sources.hs,pandoc-lua-engine/src/Text/Pandoc/Lua/Marshal/Sources.hs
src/Text/Pandoc/Lua/Marshal/Template.hs,pandoc-lua-engine/src/Text/Pandoc/Lua/Marshal/Template.hs
src/Text/Pandoc/Lua/Marshal/WriterOptions.hs,pandoc-lua-engine/src/Text/Pandoc/Lua/Marshal/WriterOptions.hs
src/Text/Pandoc/Lua/Module/MediaBag.hs,pandoc-lua-engine/src/Text/Pandoc/Lua/Module/MediaBag.hs
src/Text/Pandoc/Lua/Module/System.hs,pandoc-lua-engine/src/Text/Pandoc/Lua/Module/System.hs
src/Text/Pandoc/Lua/Module/Template.hs,pandoc-lua-engine/src/Text/Pandoc/Lua/Module/Template.hs
src/Text/Pandoc/Lua/Module/Types.hs,pandoc-lua-engine/src/Text/Pandoc/Lua/Module/Types.hs
src/Text/Pandoc/Lua/Module/Utils.hs,pandoc-lua-engine/src/Text/Pandoc/Lua/Module/Utils.hs
src/Text/Pandoc/Lua/Orphans.hs,pandoc-lua-engine/src/Text/Pandoc/Lua/Orphans.hs
src/Text/Pandoc/Lua/PandocLua.hs,pandoc-lua-engine/src/Text/Pandoc/Lua/PandocLua.hs
src/Text/Pandoc/Lua/Reader.hs,pandoc-lua-engine/src/Text/Pandoc/Lua/Reader.hs
src/Text/Pandoc/Lua/Writer.hs,pandoc-lua-engine/src/Text/Pandoc/Lua/Writer.hs
src/Text/Pandoc/Lua/Writer/Classic.hs,pandoc-lua-engine/src/Text/Pandoc/Lua/Writer/Classic.hs
test/Tests/Lua.hs,pandoc-lua-engine/test/Tests/Lua.hs
test/Tests/Lua/Module.hs,pandoc-lua-engine/test/Tests/Lua/Module.hs
test/lua/attr-test.lua,pandoc-lua-engine/test/lua/attr-test.lua
test/lua/block-count.lua,pandoc-lua-engine/test/lua/block-count.lua
test/lua/blocks-filter.lua,pandoc-lua-engine/test/lua/blocks-filter.lua
test/lua/hello-world-doc.lua,pandoc-lua-engine/test/lua/hello-world-doc.lua
test/lua/implicit-doc-filter.lua,pandoc-lua-engine/test/lua/implicit-doc-filter.lua
test/lua/inlines-filter.lua,pandoc-lua-engine/test/lua/inlines-filter.lua
test/lua/markdown-reader.lua,pandoc-lua-engine/test/lua/markdown-reader.lua
test/lua/math.lua,pandoc-lua-engine/test/lua/math.lua
test/lua/meta.lua,pandoc-lua-engine/test/lua/meta.lua
test/lua/metatable-catch-all.lua,pandoc-lua-engine/test/lua/metatable-catch-all.lua
test/lua/module/globals.lua,pandoc-lua-engine/test/lua/module/globals.lua
test/lua/module/pandoc-list.lua,pandoc-lua-engine/test/lua/module/pandoc-list.lua
test/lua/module/pandoc-mediabag.lua,pandoc-lua-engine/test/lua/module/pandoc-mediabag.lua
test/lua/module/pandoc-path.lua,pandoc-lua-engine/test/lua/module/pandoc-path.lua
test/lua/module/pandoc-template.lua,pandoc-lua-engine/test/lua/module/pandoc-template.lua
test/lua/module/pandoc-types.lua,pandoc-lua-engine/test/lua/module/pandoc-types.lua
test/lua/module/pandoc.lua,pandoc-lua-engine/test/lua/module/pandoc.lua
test/lua/module/partial.test,pandoc-lua-engine/test/lua/module/partial.test
test/lua/module/tiny.epub,pandoc-lua-engine/test/lua/module/tiny.epub
test/lua/plain-to-para.lua,pandoc-lua-engine/test/lua/plain-to-para.lua
test/lua/require-file.lua,pandoc-lua-engine/test/lua/require-file.lua
test/lua/script-name.lua,pandoc-lua-engine/test/lua/script-name.lua
test/lua/single-to-double-quoted.lua,pandoc-lua-engine/test/lua/single-to-double-quoted.lua
test/lua/smallcaps-title.lua,pandoc-lua-engine/test/lua/smallcaps-title.lua
test/lua/smart-constructors.lua,pandoc-lua-engine/test/lua/smart-constructors.lua
test/lua/strmacro.lua,pandoc-lua-engine/test/lua/strmacro.lua
test/lua/undiv.lua,pandoc-lua-engine/test/lua/undiv.lua
test/lua/uppercase-header.lua,pandoc-lua-engine/test/lua/uppercase-header.lua
test/tables.custom,pandoc-lua-engine/test/tables.custom
test/writer.custom,pandoc-lua-engine/test/writer.custom
src/Text/Pandoc/Readers/LaTeX/Types.hs,src/Text/Pandoc/TeX.hs
src/Text/Pandoc/Parsing/Types.hs,src/Text/Pandoc/Parsing/Future.hs
src/Text/Pandoc/Readers/Odt.hs,src/Text/Pandoc/Readers/ODT.hs
src/Text/Pandoc/Readers/Odt/Arrows/State.hs,src/Text/Pandoc/Readers/ODT/Arrows/State.hs
src/Text/Pandoc/Readers/Odt/Arrows/Utils.hs,src/Text/Pandoc/Readers/ODT/Arrows/Utils.hs
src/Text/Pandoc/Readers/Odt/Base.hs,src/Text/Pandoc/Readers/ODT/Base.hs
src/Text/Pandoc/Readers/Odt/ContentReader.hs,src/Text/Pandoc/Readers/ODT/ContentReader.hs
src/Text/Pandoc/Readers/Odt/Generic/Fallible.hs,src/Text/Pandoc/Readers/ODT/Generic/Fallible.hs
src/Text/Pandoc/Readers/Odt/Generic/Namespaces.hs,src/Text/Pandoc/Readers/ODT/Generic/Namespaces.hs
src/Text/Pandoc/Readers/Odt/Generic/SetMap.hs,src/Text/Pandoc/Readers/ODT/Generic/SetMap.hs
src/Text/Pandoc/Readers/Odt/Generic/Utils.hs,src/Text/Pandoc/Readers/ODT/Generic/Utils.hs
src/Text/Pandoc/Readers/Odt/Generic/XMLConverter.hs,src/Text/Pandoc/Readers/ODT/Generic/XMLConverter.hs
src/Text/Pandoc/Readers/Odt/Namespaces.hs,src/Text/Pandoc/Readers/ODT/Namespaces.hs
src/Text/Pandoc/Readers/Odt/StyleReader.hs,src/Text/Pandoc/Readers/ODT/StyleReader.hs
test/8689.md,test/command/8689.md
test/writer.asciidoctor,test/writer.asciidoc_legacy
test/tables.asciidoctor,test/tables.asciidoc_legacy
man/pandoc-lua.1,pandoc-cli/man/pandoc-lua.1
man/pandoc-server.1,pandoc-cli/man/pandoc-server.1
man/pandoc.1,pandoc-cli/man/pandoc.1
data/translations/sr-cyrl.yaml,data/translations/sr-Cyrl.yaml
