libs/__init__.py,Pomash/libs/__init__.py
libs/markdown.py,Pomash/libs/markdown.py
libs/tools.py,Pomash/libs/tools.py
libs/utils.py,Pomash/libs/utils.py
run.py,Pomash/run.py,run.py
settings.py,Pomash/settings.py,settings.py
static/Rope.jpg,Pomash/static/Rope.jpg,Pomash/theme/default/static/Rope.jpg,Pomash/theme/default/static/img/Rope.jpg
static/css/pygments_style.css,Pomash/static/css/pygments_style.css,Pomash/theme/default/static/css/pygments_style.css
templates/admin.html,Pomash/templates/admin.html,Pomash/theme/default/templates/admin.html
templates/home.html,Pomash/templates/home.html,Pomash/theme/default/templates/home.html
templates/layout.html,Pomash/templates/layout.html,Pomash/theme/default/templates/layout.html
Pomash/init_db.py,init_db.py
Pomash/static/404.jpg,Pomash/theme/default/static/404.jpg,Pomash/theme/default/static/img/404.jpg
Pomash/static/css/style.css,Pomash/theme/default/static/css/style.css
Pomash/templates/404.html,Pomash/theme/default/templates/404.html
Pomash/templates/article.html,Pomash/theme/default/templates/article.html
Pomash/templates/articles.html,Pomash/theme/default/templates/articles.html
Pomash/templates/editor.html,Pomash/theme/default/templates/editor.html
Pomash/templates/feed.xml,Pomash/theme/default/templates/feed.xml
Pomash/templates/login.html,Pomash/theme/default/templates/login.html
Pomash/templates/page.html,Pomash/theme/default/templates/page.html
Pomash/templates/tag.html,Pomash/theme/default/templates/tag.html
Pomash/templates/tags.html,Pomash/theme/default/templates/tags.html
Pomash/theme/clean/static/js/valine.js,Pomash/theme/clean/static/js/Valine.js
