contracts/Account.cairo,contracts/account/Account_v0.cairo
contracts/ERC20.cairo,contracts/token/ERC20.cairo,openzeppelin/token/erc20/ERC20.cairo,src/openzeppelin/token/erc20/ERC20.cairo,src/openzeppelin/token/erc20/presets/ERC20.cairo
scripts/clean.py,nile/clean.py
scripts/compile.py,nile/compile.py
scripts/config.py,nile/config.py
test/utils.py,test/utils/Signer.py,tests/utils/Signer.py,tests/utils.py
test/Account.py,tests/test_Account.py,tests/account/test_Account.py
test/AddressRegistry.py,tests/test_AddressRegistry.py,tests/account/test_AddressRegistry.py
test/ERC20.py,tests/test_ERC20.py,tests/token/erc20/test_ERC20.py
test/Initializable.py,tests/test_Initializable.py,tests/security/test_initializable.py
test/Ownable.py,tests/test_Ownable.py,tests/access/test_Ownable.py
contracts/Pausable.cairo,contracts/Pausable_base.cairo,openzeppelin/security/pausable.cairo,src/openzeppelin/security/pausable.cairo,src/openzeppelin/security/pausable/library.cairo
contracts/token/utils/ERC721Holder.cairo,contracts/token/utils/ERC721_Holder.cairo,openzeppelin/token/erc721/utils/ERC721_Holder.cairo,src/openzeppelin/token/erc721/utils/ERC721_Holder.cairo,src/openzeppelin/token/erc721/enumerable/presets/utils/ERC721Holder.cairo,src/openzeppelin/token/erc721/presets/utils/ERC721Holder.cairo
contracts/token/ERC721_Enumerable.cairo,contracts/token/ERC721_Enumerable_Mintable_Burnable.cairo,openzeppelin/token/erc721_enumerable/ERC721_Enumerable_Mintable_Burnable.cairo,src/openzeppelin/token/erc721_enumerable/ERC721_Enumerable_Mintable_Burnable.cairo,src/openzeppelin/token/erc721/enumerable/presets/ERC721EnumerableMintableBurnable.cairo
contracts/token/ERC721_Mintable.cairo,contracts/token/ERC721_Mintable_Burnable.cairo,openzeppelin/token/erc721/ERC721_Mintable_Burnable.cairo,src/openzeppelin/token/erc721/ERC721_Mintable_Burnable.cairo,src/openzeppelin/token/erc721/presets/ERC721MintableBurnable.cairo
contracts/token/ERC721_Pausable.cairo,contracts/token/ERC721_Mintable_Pausable.cairo,openzeppelin/token/erc721/ERC721_Mintable_Pausable.cairo,src/openzeppelin/token/erc721/ERC721_Mintable_Pausable.cairo,src/openzeppelin/token/erc721/presets/ERC721MintablePausable.cairo
tests/test_ERC721_Enumerable.py,tests/test_ERC721_Enumerable_Mintable_Burnable.py,tests/token/erc721_enumerable/test_ERC721_Enumerable_Mintable_Burnable.py,tests/token/erc721/test_ERC721EnumerableMintableBurnable.py
tests/test_ERC721_Mintable.py,tests/test_ERC721_Mintable_Burnable.py,tests/token/erc721/test_ERC721_Mintable_Burnable.py,tests/token/erc721/test_ERC721MintableBurnable.py
tests/test_ERC721_Pausable.py,tests/test_ERC721_Mintable_Pausable.py,tests/token/erc721/test_ERC721_Mintable_Pausable.py,tests/token/erc721/test_ERC721MintablePausable.py
contracts/Ownable_base.cairo,openzeppelin/access/ownable.cairo,src/openzeppelin/access/ownable.cairo,src/openzeppelin/access/ownable/library.cairo
contracts/Account.cairo,openzeppelin/account/Account.cairo,src/openzeppelin/account/Account.cairo,src/openzeppelin/account/presets/Account.cairo
contracts/AddressRegistry.cairo,openzeppelin/account/AddressRegistry.cairo,src/openzeppelin/account/AddressRegistry.cairo,src/openzeppelin/account/presets/AddressRegistry.cairo
contracts/IAccount.cairo,openzeppelin/account/IAccount.cairo,src/openzeppelin/account/IAccount.cairo
contracts/ERC165_base.cairo,openzeppelin/introspection/ERC165.cairo,src/openzeppelin/introspection/ERC165.cairo,src/openzeppelin/introspection/erc165/library.cairo
contracts/IERC165.cairo,openzeppelin/introspection/interfaces/IERC165.cairo,openzeppelin/introspection/IERC165.cairo,src/openzeppelin/introspection/IERC165.cairo,src/openzeppelin/introspection/erc165/IERC165.cairo
contracts/Initializable.cairo,openzeppelin/security/initializable.cairo,src/openzeppelin/security/initializable.cairo,src/openzeppelin/security/initializable/library.cairo
contracts/utils/safemath.cairo,openzeppelin/security/safemath.cairo,src/openzeppelin/security/safemath.cairo,src/openzeppelin/security/safemath/library.cairo
contracts/token/ERC20_Mintable.cairo,openzeppelin/token/erc20/ERC20_Mintable.cairo,src/openzeppelin/token/erc20/ERC20_Mintable.cairo,src/openzeppelin/token/erc20/presets/ERC20Mintable.cairo
contracts/token/ERC20_Pausable.cairo,openzeppelin/token/erc20/ERC20_Pausable.cairo,src/openzeppelin/token/erc20/ERC20_Pausable.cairo,src/openzeppelin/token/erc20/presets/ERC20Pausable.cairo
contracts/token/IERC20.cairo,openzeppelin/token/erc20/interfaces/IERC20.cairo,src/openzeppelin/token/erc20/interfaces/IERC20.cairo,src/openzeppelin/token/erc20/IERC20.cairo
contracts/token/ERC20_base.cairo,openzeppelin/token/erc20/library.cairo,src/openzeppelin/token/erc20/library.cairo
contracts/token/IERC721.cairo,openzeppelin/token/erc721/interfaces/IERC721.cairo,src/openzeppelin/token/erc721/interfaces/IERC721.cairo,src/openzeppelin/token/erc721/IERC721.cairo
contracts/token/IERC721_Metadata.cairo,openzeppelin/token/erc721/interfaces/IERC721_Metadata.cairo,src/openzeppelin/token/erc721/interfaces/IERC721_Metadata.cairo,src/openzeppelin/token/erc721/IERC721Metadata.cairo
contracts/token/IERC721_Receiver.cairo,openzeppelin/token/erc721/interfaces/IERC721_Receiver.cairo,src/openzeppelin/token/erc721/interfaces/IERC721_Receiver.cairo,src/openzeppelin/token/erc721/IERC721Receiver.cairo
contracts/token/ERC721_base.cairo,openzeppelin/token/erc721/library.cairo,src/openzeppelin/token/erc721/library.cairo
contracts/token/IERC721_Enumerable.cairo,openzeppelin/token/erc721_enumerable/interfaces/IERC721_Enumerable.cairo,src/openzeppelin/token/erc721_enumerable/interfaces/IERC721_Enumerable.cairo,src/openzeppelin/token/erc721/enumerable/IERC721Enumerable.cairo
contracts/token/ERC721_Enumerable_base.cairo,openzeppelin/token/erc721_enumerable/library.cairo,src/openzeppelin/token/erc721_enumerable/library.cairo,src/openzeppelin/token/erc721/enumerable/library.cairo
contracts/utils/constants.cairo,openzeppelin/utils/constants.cairo,src/openzeppelin/utils/constants.cairo,src/openzeppelin/utils/constants/library.cairo
tests/test_ERC165.py,tests/introspection/test_ERC165.py
contracts/ERC165.cairo,tests/mocks/ERC165.cairo
contracts/Ownable.cairo,tests/mocks/Ownable.cairo
tests/test_safemath.py,tests/security/test_safemath.py
tests/test_ERC20_Burnable_mock.py,tests/token/erc20/test_ERC20_Burnable_mock.py,tests/token/erc20/test_ERC20BurnableMock.py
tests/test_ERC20_Mintable.py,tests/token/erc20/test_ERC20_Mintable.py,tests/token/erc20/test_ERC20Mintable.py
tests/test_ERC20_Pausable.py,tests/token/erc20/test_ERC20_Pausable.py,tests/token/erc20/test_ERC20Pausable.py
openzeppelin/account/library.cairo,src/openzeppelin/account/library.cairo
openzeppelin/token/erc20/ERC20_Upgradeable.cairo,src/openzeppelin/token/erc20/ERC20_Upgradeable.cairo,src/openzeppelin/token/erc20/presets/ERC20Upgradeable.cairo
openzeppelin/upgrades/Proxy.cairo,src/openzeppelin/upgrades/Proxy.cairo,src/openzeppelin/upgrades/presets/Proxy.cairo
openzeppelin/upgrades/library.cairo,src/openzeppelin/upgrades/library.cairo
CONTRIBUTING.MD,CONTRIBUTING.md
src/openzeppelin/security/reentrancy_guard.cairo,src/openzeppelin/security/reentrancyguard.cairo,src/openzeppelin/security/reentrancyguard/library.cairo
src/openzeppelin/access/accesscontrol.cairo,src/openzeppelin/access/accesscontrol/library.cairo
src/openzeppelin/account/EthAccount.cairo,src/openzeppelin/account/presets/EthAccount.cairo
tests/mocks/account_reentrancy.cairo,tests/mocks/AccountReentrancy.cairo
tests/mocks/ERC20_Burnable_mock.cairo,tests/mocks/ERC20BurnableMock.cairo,src/openzeppelin/token/erc20/presets/ERC20Burnable.cairo
tests/mocks/ERC721_SafeMintable_mock.cairo,tests/mocks/ERC721SafeMintableMock.cairo
tests/mocks/proxiable_implementation.cairo,tests/mocks/ProxiableImplementation.cairo
tests/mocks/reentrancy_attacker_mock.cairo,tests/mocks/ReentrancyAttackerMock.cairo
tests/mocks/reentrancy_mock.cairo,tests/mocks/ReentrancyMock.cairo
tests/mocks/safemath_mock.cairo,tests/mocks/SafeMathMock.cairo
tests/mocks/upgrades_v1_mock.cairo,tests/mocks/UpgradesMockV1.cairo
tests/mocks/upgrades_v2_mock.cairo,tests/mocks/UpgradesMockV2.cairo
tests/token/erc20/test_ERC20_Upgradeable.py,tests/token/erc20/test_ERC20Upgradeable.py
tests/token/erc721/test_ERC721_SafeMintable_mock.py,tests/token/erc721/test_ERC721SafeMintableMock.py
docs/Utilities.md,docs/modules/ROOT/pages/utilities.adoc,docs/modules/ROOT/pages/api/utilities.adoc
.github/workflows/python-app.yml,.github/workflows/release.yml
docs/modules/ROOT/pages/usage.adoc,docs/modules/ROOT/pages/components.adoc
src/tests/mocks/initializable_mock.cairo,src/tests/mocks/initializable_mocks.cairo,packages/security/src/tests/mocks/initializable_mocks.cairo
src/tests/mocks/pausable_mock.cairo,src/tests/mocks/pausable_mocks.cairo,packages/security/src/tests/mocks/pausable_mocks.cairo
src/tests/mocks/reentrancy_mock.cairo,src/tests/mocks/reentrancy_mocks.cairo,packages/security/src/tests/mocks/reentrancy_mocks.cairo,packages/test_common/src/mocks/security.cairo
src/utils/universal_deployer/interface.cairo,src/utils/deployments/interface.cairo,packages/utils/src/deployments/interface.cairo
src/tests/account/test_dual_eth_account.cairo,src/tests/account/ethereum/test_dual_eth_account.cairo,packages/account/src/tests/ethereum/test_dual_eth_account.cairo,packages/account/src/tests/test_dual_eth_account.cairo
src/tests/account/test_eth_account.cairo,src/tests/account/ethereum/test_eth_account.cairo,packages/account/src/tests/ethereum/test_eth_account.cairo,packages/account/src/tests/test_eth_account.cairo
src/tests/account/test_account.cairo,src/tests/account/starknet/test_account.cairo,packages/account/src/tests/starknet/test_account.cairo,packages/account/src/tests/test_account.cairo
src/tests/account/test_dual_account.cairo,src/tests/account/starknet/test_dual_account.cairo,packages/account/src/tests/starknet/test_dual_account.cairo,packages/account/src/tests/test_dual_account.cairo
src/tests/token/test_dual1155.cairo,src/tests/token/erc1155/test_dual1155.cairo,packages/token/src/tests/erc1155/test_dual1155.cairo
src/tests/token/test_dual1155_receiver.cairo,src/tests/token/erc1155/test_dual1155_receiver.cairo,packages/token/src/tests/erc1155/test_dual1155_receiver.cairo
src/tests/token/test_erc1155.cairo,src/tests/token/erc1155/test_erc1155.cairo,packages/token/src/tests/erc1155/test_erc1155.cairo
src/tests/token/test_erc1155_receiver.cairo,src/tests/token/erc1155/test_erc1155_receiver.cairo,packages/token/src/tests/erc1155/test_erc1155_receiver.cairo
src/tests/token/test_dual20.cairo,src/tests/token/erc20/test_dual20.cairo,packages/token/src/tests/erc20/test_dual20.cairo
src/tests/token/test_erc20.cairo,src/tests/token/erc20/test_erc20.cairo,packages/token/src/tests/erc20/test_erc20.cairo
src/tests/token/test_erc20_votes.cairo,src/tests/token/erc20/test_erc20_votes.cairo,packages/token/src/tests/erc20/test_erc20_votes.cairo
src/tests/token/test_dual721.cairo,src/tests/token/erc721/test_dual721.cairo,packages/token/src/tests/erc721/test_dual721.cairo
src/tests/token/test_dual721_receiver.cairo,src/tests/token/erc721/test_dual721_receiver.cairo,packages/token/src/tests/erc721/test_dual721_receiver.cairo
src/tests/token/test_erc721.cairo,src/tests/token/erc721/test_erc721.cairo,packages/token/src/tests/erc721/test_erc721.cairo
src/tests/token/test_erc721_receiver.cairo,src/tests/token/erc721/test_erc721_receiver.cairo,packages/token/src/tests/erc721/test_erc721_receiver.cairo
src/access/accesscontrol.cairo,packages/access/src/accesscontrol.cairo
src/access/accesscontrol/accesscontrol.cairo,packages/access/src/accesscontrol/accesscontrol.cairo
src/access/accesscontrol/dual_accesscontrol.cairo,packages/access/src/accesscontrol/dual_accesscontrol.cairo
src/access/accesscontrol/interface.cairo,packages/access/src/accesscontrol/interface.cairo
src/access.cairo,packages/access/src/lib.cairo
src/access/ownable.cairo,packages/access/src/ownable.cairo
src/access/ownable/dual_ownable.cairo,packages/access/src/ownable/dual_ownable.cairo
src/access/ownable/interface.cairo,packages/access/src/ownable/interface.cairo
src/access/ownable/ownable.cairo,packages/access/src/ownable/ownable.cairo
src/tests/access.cairo,packages/access/src/tests.cairo
src/tests/access/common.cairo,packages/access/src/tests/common.cairo,packages/test_common/src/ownable.cairo
src/tests/mocks/accesscontrol_mocks.cairo,packages/access/src/tests/mocks/accesscontrol_mocks.cairo
src/tests/mocks/non_implementing_mock.cairo,packages/access/src/tests/mocks/non_implementing_mock.cairo
src/tests/mocks/ownable_mocks.cairo,packages/access/src/tests/mocks/ownable_mocks.cairo
src/tests/access/test_accesscontrol.cairo,packages/access/src/tests/test_accesscontrol.cairo
src/tests/access/test_dual_accesscontrol.cairo,packages/access/src/tests/test_dual_accesscontrol.cairo
src/tests/access/test_dual_ownable.cairo,packages/access/src/tests/test_dual_ownable.cairo
src/tests/access/test_ownable.cairo,packages/access/src/tests/test_ownable.cairo
src/tests/access/test_ownable_twostep.cairo,packages/access/src/tests/test_ownable_twostep.cairo
src/account/account.cairo,packages/account/src/account.cairo
src/account/dual_account.cairo,packages/account/src/dual_account.cairo
src/account/dual_eth_account.cairo,packages/account/src/dual_eth_account.cairo
src/account/eth_account.cairo,packages/account/src/eth_account.cairo
src/account/interface.cairo,packages/account/src/interface.cairo
src/account.cairo,packages/account/src/lib.cairo
src/tests/account/ethereum.cairo,packages/account/src/tests/ethereum.cairo
src/tests/account/ethereum/common.cairo,packages/account/src/tests/ethereum/common.cairo,packages/test_common/src/eth_account.cairo
src/tests/mocks/account_mocks.cairo,packages/account/src/tests/mocks/account_mocks.cairo
src/tests/mocks/eth_account_mocks.cairo,packages/account/src/tests/mocks/eth_account_mocks.cairo
src/tests/account/starknet.cairo,packages/account/src/tests/starknet.cairo
src/tests/account/starknet/common.cairo,packages/account/src/tests/starknet/common.cairo,packages/test_common/src/account.cairo
src/tests/account/test_secp256k1.cairo,packages/account/src/tests/test_secp256k1.cairo,packages/account/src/tests/test_secp256_point.cairo
src/tests/account/test_signature.cairo,packages/account/src/tests/test_signature.cairo
src/account/utils.cairo,packages/account/src/utils.cairo
src/account/utils/secp256k1.cairo,packages/account/src/utils/secp256k1.cairo,packages/account/src/utils/secp256_point.cairo
src/account/utils/signature.cairo,packages/account/src/utils/signature.cairo
src/governance.cairo,packages/governance/src/lib.cairo
src/tests/mocks/timelock_mocks.cairo,packages/governance/src/tests/mocks/timelock_mocks.cairo,packages/test_common/src/mocks/timelock.cairo
src/tests/governance/test_timelock.cairo,packages/governance/src/tests/test_timelock.cairo
src/tests/governance/test_utils.cairo,packages/governance/src/tests/test_utils.cairo
src/governance/timelock.cairo,packages/governance/src/timelock.cairo
src/governance/timelock/interface.cairo,packages/governance/src/timelock/interface.cairo
src/governance/timelock/timelock_controller.cairo,packages/governance/src/timelock/timelock_controller.cairo
src/governance/timelock/utils.cairo,packages/governance/src/timelock/utils.cairo
src/governance/timelock/utils/call_impls.cairo,packages/governance/src/timelock/utils/call_impls.cairo
src/governance/utils.cairo,packages/governance/src/utils.cairo
src/governance/utils/interfaces.cairo,packages/governance/src/utils/interfaces.cairo
src/governance/utils/interfaces/votes.cairo,packages/governance/src/utils/interfaces/votes.cairo,packages/governance/src/votes/interface.cairo
src/introspection/interface.cairo,packages/introspection/src/interface.cairo
src/introspection.cairo,packages/introspection/src/lib.cairo
src/introspection/src5.cairo,packages/introspection/src/src5.cairo
src/tests/mocks/src5_mocks.cairo,packages/introspection/src/tests/mocks/src5_mocks.cairo
src/tests/introspection/test_src5.cairo,packages/introspection/src/tests/test_src5.cairo
src/presets/account.cairo,packages/presets/src/account.cairo
src/presets/erc1155.cairo,packages/presets/src/erc1155.cairo
src/presets/erc20.cairo,packages/presets/src/erc20.cairo
src/presets/erc721.cairo,packages/presets/src/erc721.cairo
src/presets/eth_account.cairo,packages/presets/src/eth_account.cairo
src/presets/interfaces.cairo,packages/presets/src/interfaces.cairo
src/presets/interfaces/account.cairo,packages/presets/src/interfaces/account.cairo
src/presets/interfaces/erc1155.cairo,packages/presets/src/interfaces/erc1155.cairo
src/presets/interfaces/erc20.cairo,packages/presets/src/interfaces/erc20.cairo
src/presets/interfaces/erc721.cairo,packages/presets/src/interfaces/erc721.cairo
src/presets/interfaces/eth_account.cairo,packages/presets/src/interfaces/eth_account.cairo
src/tests/presets.cairo,packages/presets/src/tests.cairo
src/tests/mocks.cairo,packages/presets/src/tests/mocks.cairo
src/tests/presets/test_account.cairo,packages/presets/src/tests/test_account.cairo
src/tests/presets/test_erc1155.cairo,packages/presets/src/tests/test_erc1155.cairo
src/tests/presets/test_erc20.cairo,packages/presets/src/tests/test_erc20.cairo
src/tests/presets/test_erc721.cairo,packages/presets/src/tests/test_erc721.cairo
src/tests/presets/test_eth_account.cairo,packages/presets/src/tests/test_eth_account.cairo
src/tests/presets/test_universal_deployer.cairo,packages/presets/src/tests/test_universal_deployer.cairo
src/presets/universal_deployer.cairo,packages/presets/src/universal_deployer.cairo
src/security/initializable.cairo,packages/security/src/initializable.cairo
src/security/interface.cairo,packages/security/src/interface.cairo
src/security.cairo,packages/security/src/lib.cairo
src/security/pausable.cairo,packages/security/src/pausable.cairo
src/security/reentrancyguard.cairo,packages/security/src/reentrancyguard.cairo
src/tests/security.cairo,packages/security/src/tests.cairo
src/tests/security/test_initializable.cairo,packages/security/src/tests/test_initializable.cairo
src/tests/security/test_pausable.cairo,packages/security/src/tests/test_pausable.cairo
src/tests/security/test_reentrancyguard.cairo,packages/security/src/tests/test_reentrancyguard.cairo
src/token/erc1155.cairo,packages/token/src/erc1155.cairo
src/token/erc1155/dual1155.cairo,packages/token/src/erc1155/dual1155.cairo
src/token/erc1155/dual1155_receiver.cairo,packages/token/src/erc1155/dual1155_receiver.cairo
src/token/erc1155/erc1155.cairo,packages/token/src/erc1155/erc1155.cairo
src/token/erc1155/erc1155_receiver.cairo,packages/token/src/erc1155/erc1155_receiver.cairo
src/token/erc1155/interface.cairo,packages/token/src/erc1155/interface.cairo
src/token/erc20.cairo,packages/token/src/erc20.cairo
src/token/erc20/dual20.cairo,packages/token/src/erc20/dual20.cairo
src/token/erc20/erc20.cairo,packages/token/src/erc20/erc20.cairo
src/token/erc20/extensions.cairo,packages/token/src/erc20/extensions.cairo
src/token/erc20/extensions/erc20_votes.cairo,packages/token/src/erc20/extensions/erc20_votes.cairo,packages/governance/src/votes/votes.cairo
src/token/erc20/interface.cairo,packages/token/src/erc20/interface.cairo
src/token/erc721.cairo,packages/token/src/erc721.cairo
src/token/erc721/dual721.cairo,packages/token/src/erc721/dual721.cairo
src/token/erc721/dual721_receiver.cairo,packages/token/src/erc721/dual721_receiver.cairo
src/token/erc721/erc721.cairo,packages/token/src/erc721/erc721.cairo
src/token/erc721/erc721_receiver.cairo,packages/token/src/erc721/erc721_receiver.cairo
src/token/erc721/interface.cairo,packages/token/src/erc721/interface.cairo
src/token.cairo,packages/token/src/lib.cairo
src/tests/token/erc1155.cairo,packages/token/src/tests/erc1155.cairo
src/tests/token/erc1155/common.cairo,packages/token/src/tests/erc1155/common.cairo,packages/test_common/src/erc1155.cairo
src/tests/token/erc20.cairo,packages/token/src/tests/erc20.cairo
src/tests/token/erc20/common.cairo,packages/token/src/tests/erc20/common.cairo,packages/test_common/src/erc20.cairo
src/tests/token/erc721.cairo,packages/token/src/tests/erc721.cairo
src/tests/token/erc721/common.cairo,packages/token/src/tests/erc721/common.cairo,packages/test_common/src/erc721.cairo
src/tests/mocks/erc1155_mocks.cairo,packages/token/src/tests/mocks/erc1155_mocks.cairo
src/tests/mocks/erc1155_receiver_mocks.cairo,packages/token/src/tests/mocks/erc1155_receiver_mocks.cairo
src/tests/mocks/erc20_mocks.cairo,packages/token/src/tests/mocks/erc20_mocks.cairo
src/tests/mocks/erc20_votes_mocks.cairo,packages/token/src/tests/mocks/erc20_votes_mocks.cairo,packages/test_common/src/mocks/erc20.cairo
src/tests/mocks/erc721_mocks.cairo,packages/token/src/tests/mocks/erc721_mocks.cairo
src/tests/mocks/erc721_receiver_mocks.cairo,packages/token/src/tests/mocks/erc721_receiver_mocks.cairo
src/upgrades/interface.cairo,packages/upgrades/src/interface.cairo
src/upgrades.cairo,packages/upgrades/src/lib.cairo
src/tests/upgrades/common.cairo,packages/upgrades/src/tests/common.cairo,packages/test_common/src/upgrades.cairo
src/tests/mocks/upgrades_mocks.cairo,packages/upgrades/src/tests/mocks/upgrades_mocks.cairo,packages/test_common/src/mocks/upgrades.cairo
src/tests/upgrades/test_upgradeable.cairo,packages/upgrades/src/tests/test_upgradeable.cairo
src/upgrades/upgradeable.cairo,packages/upgrades/src/upgradeable.cairo
src/utils/cryptography.cairo,packages/utils/src/cryptography.cairo
src/utils/cryptography/interface.cairo,packages/utils/src/cryptography/interface.cairo
src/utils/cryptography/nonces.cairo,packages/utils/src/cryptography/nonces.cairo
src/utils/cryptography/snip12.cairo,packages/utils/src/cryptography/snip12.cairo
src/utils/deployments.cairo,packages/utils/src/deployments.cairo
src/utils/interfaces.cairo,packages/utils/src/interfaces.cairo
src/utils.cairo,packages/utils/src/lib.cairo
src/utils/math.cairo,packages/utils/src/math.cairo
src/utils/selectors.cairo,packages/utils/src/selectors.cairo
src/utils/serde.cairo,packages/utils/src/serde.cairo
src/utils/structs.cairo,packages/utils/src/structs.cairo
src/utils/structs/checkpoint.cairo,packages/utils/src/structs/checkpoint.cairo
src/utils/structs/storage_array.cairo,packages/utils/src/structs/storage_array.cairo
src/tests/utils.cairo,packages/utils/src/test_utils.cairo,packages/testing/src/lib.cairo
src/tests/utils/common.cairo,packages/utils/src/test_utils/common.cairo,packages/testing/src/common.cairo
src/tests/utils/deployment.cairo,packages/utils/src/test_utils/deployment.cairo,packages/testing/src/deployment.cairo
src/tests/utils/events.cairo,packages/utils/src/test_utils/events.cairo,packages/testing/src/events.cairo
src/tests/utils/signing.cairo,packages/utils/src/test_utils/signing.cairo,packages/testing/src/signing.cairo
src/tests/cryptography.cairo,packages/utils/src/tests.cairo
src/tests/mocks/nonces_mocks.cairo,packages/utils/src/tests/mocks/nonces_mocks.cairo,packages/test_common/src/mocks/nonces.cairo
src/tests/cryptography/test_nonces.cairo,packages/utils/src/tests/test_nonces.cairo
src/tests/cryptography/test_snip12.cairo,packages/utils/src/tests/test_snip12.cairo
src/utils/unwrap_and_cast.cairo,packages/utils/src/unwrap_and_cast.cairo
packages/utils/src/test_utils/constants.cairo,packages/testing/src/constants.cairo
packages/token/src/tests/mocks/erc2981_mocks.cairo,packages/test_common/src/mocks/erc2981.cairo
packages/governance/src/tests/mocks/non_implementing_mock.cairo,packages/test_common/src/mocks/non_implementing.cairo
packages/account/src/tests/mocks/simple_mock.cairo,packages/test_common/src/mocks/simple.cairo
packages/presets/src/tests/mocks/src5_mocks.cairo,packages/test_common/src/mocks/src5.cairo
packages/account/src/tests/mocks/src9_mocks.cairo,packages/test_common/src/mocks/src9.cairo
packages/finance/src/tests/mocks/vesting_mocks.cairo,packages/test_common/src/mocks/vesting.cairo
packages/token/src/erc20/snip12_utils/votes.cairo,packages/governance/src/votes/delegation.cairo
packages/token/src/tests/erc2981/test_erc2981.cairo,packages/token/src/tests/erc2981/test_erc2981_internal.cairo
