composer.json,simple-shop-connector/composer.json,composer.json
composer.lock,simple-shop-connector/composer.lock,composer.lock
img/white_logo.png,simple-shop-connector/img/white_logo.png,img/white_logo.png
includes/class.ssc_access.php,simple-shop-connector/includes/class.ssc_access.php,includes/class.ssc_access.php
includes/class.ssc_admin.php,simple-shop-connector/includes/class.ssc_admin.php,includes/class.ssc_admin.php,src/Admin.php
includes/class.ssc_cron.php,simple-shop-connector/includes/class.ssc_cron.php,includes/class.ssc_cron.php,src/Cron.php
includes/class.ssc_groups.php,simple-shop-connector/includes/class.ssc_groups.php,includes/class.ssc_groups.php,src/Group.php
includes/class.ssc_membership.php,simple-shop-connector/includes/class.ssc_membership.php,includes/class.ssc_membership.php,src/Membership.php
includes/class.ssc_metaboxes.php,simple-shop-connector/includes/class.ssc_metaboxes.php,includes/class.ssc_metaboxes.php,src/Metaboxes.php
includes/class.ssc_rest.php,simple-shop-connector/includes/class.ssc_rest.php,includes/class.ssc_rest.php,src/Rest.php
includes/class.ssc_settings.php,simple-shop-connector/includes/class.ssc_settings.php,includes/class.ssc_settings.php
includes/class.ssc_shortcodes.php,simple-shop-connector/includes/class.ssc_shortcodes.php,includes/class.ssc_shortcodes.php,src/Shortcodes.php
js/tiny-mce/img/quote.svg,simple-shop-connector/js/tiny-mce/img/quote.svg,js/tiny-mce/img/quote.svg
js/tiny-mce/img/ssc-logo.png,simple-shop-connector/js/tiny-mce/img/ssc-logo.png,js/tiny-mce/img/ssc-logo.png
js/tiny-mce/tiny-mce.js,simple-shop-connector/js/tiny-mce/tiny-mce.js,js/tiny-mce/tiny-mce.js
lib/vyfakturuj-api/VyfakturujAPI.class.php,simple-shop-connector/lib/vyfakturuj-api/VyfakturujAPI.class.php,lib/vyfakturuj-api/VyfakturujAPI.class.php
simple-shop-connector.php,simple-shop-connector/simple-shop-connector.php,simple-shop-connector.php
vendor/autoload.php,simple-shop-connector/vendor/autoload.php,vendor/autoload.php
vendor/composer/ClassLoader.php,simple-shop-connector/vendor/composer/ClassLoader.php,vendor/composer/ClassLoader.php
vendor/composer/LICENSE,simple-shop-connector/vendor/composer/LICENSE,vendor/composer/LICENSE
vendor/composer/autoload_classmap.php,simple-shop-connector/vendor/composer/autoload_classmap.php,vendor/composer/autoload_classmap.php
vendor/composer/autoload_files.php,simple-shop-connector/vendor/composer/autoload_files.php,vendor/composer/autoload_files.php
vendor/composer/autoload_namespaces.php,simple-shop-connector/vendor/composer/autoload_namespaces.php,vendor/composer/autoload_namespaces.php
vendor/composer/autoload_psr4.php,simple-shop-connector/vendor/composer/autoload_psr4.php,vendor/composer/autoload_psr4.php
vendor/composer/autoload_real.php,simple-shop-connector/vendor/composer/autoload_real.php,vendor/composer/autoload_real.php
vendor/composer/autoload_static.php,simple-shop-connector/vendor/composer/autoload_static.php,vendor/composer/autoload_static.php
vendor/composer/installed.json,simple-shop-connector/vendor/composer/installed.json,vendor/composer/installed.json
vendor/tgmpa/tgm-plugin-activation/.editorconfig,simple-shop-connector/vendor/tgmpa/tgm-plugin-activation/.editorconfig,vendor/tgmpa/tgm-plugin-activation/.editorconfig
vendor/tgmpa/tgm-plugin-activation/.scrutinizer.yml,simple-shop-connector/vendor/tgmpa/tgm-plugin-activation/.scrutinizer.yml,vendor/tgmpa/tgm-plugin-activation/.scrutinizer.yml
vendor/tgmpa/tgm-plugin-activation/.travis.yml,simple-shop-connector/vendor/tgmpa/tgm-plugin-activation/.travis.yml,vendor/tgmpa/tgm-plugin-activation/.travis.yml
vendor/tgmpa/tgm-plugin-activation/CHANGELOG.md,simple-shop-connector/vendor/tgmpa/tgm-plugin-activation/CHANGELOG.md,vendor/tgmpa/tgm-plugin-activation/CHANGELOG.md
vendor/tgmpa/tgm-plugin-activation/CONTRIBUTING.md,simple-shop-connector/vendor/tgmpa/tgm-plugin-activation/CONTRIBUTING.md,vendor/tgmpa/tgm-plugin-activation/CONTRIBUTING.md
vendor/tgmpa/tgm-plugin-activation/LICENSE.md,simple-shop-connector/vendor/tgmpa/tgm-plugin-activation/LICENSE.md,vendor/tgmpa/tgm-plugin-activation/LICENSE.md
vendor/tgmpa/tgm-plugin-activation/README.md,simple-shop-connector/vendor/tgmpa/tgm-plugin-activation/README.md,vendor/tgmpa/tgm-plugin-activation/README.md
vendor/tgmpa/tgm-plugin-activation/class-tgm-plugin-activation.php,simple-shop-connector/vendor/tgmpa/tgm-plugin-activation/class-tgm-plugin-activation.php,vendor/tgmpa/tgm-plugin-activation/class-tgm-plugin-activation.php
vendor/tgmpa/tgm-plugin-activation/composer.json,simple-shop-connector/vendor/tgmpa/tgm-plugin-activation/composer.json,vendor/tgmpa/tgm-plugin-activation/composer.json
vendor/tgmpa/tgm-plugin-activation/example.php,simple-shop-connector/vendor/tgmpa/tgm-plugin-activation/example.php,vendor/tgmpa/tgm-plugin-activation/example.php
vendor/tgmpa/tgm-plugin-activation/languages/tgmpa-cs_CZ.mo,simple-shop-connector/vendor/tgmpa/tgm-plugin-activation/languages/tgmpa-cs_CZ.mo,vendor/tgmpa/tgm-plugin-activation/languages/tgmpa-cs_CZ.mo
vendor/tgmpa/tgm-plugin-activation/languages/tgmpa-cs_CZ.po,simple-shop-connector/vendor/tgmpa/tgm-plugin-activation/languages/tgmpa-cs_CZ.po,vendor/tgmpa/tgm-plugin-activation/languages/tgmpa-cs_CZ.po
vendor/tgmpa/tgm-plugin-activation/languages/tgmpa-de_DE.mo,simple-shop-connector/vendor/tgmpa/tgm-plugin-activation/languages/tgmpa-de_DE.mo,vendor/tgmpa/tgm-plugin-activation/languages/tgmpa-de_DE.mo
vendor/tgmpa/tgm-plugin-activation/languages/tgmpa-de_DE.po,simple-shop-connector/vendor/tgmpa/tgm-plugin-activation/languages/tgmpa-de_DE.po,vendor/tgmpa/tgm-plugin-activation/languages/tgmpa-de_DE.po
vendor/tgmpa/tgm-plugin-activation/languages/tgmpa-en_AU.mo,simple-shop-connector/vendor/tgmpa/tgm-plugin-activation/languages/tgmpa-en_AU.mo,vendor/tgmpa/tgm-plugin-activation/languages/tgmpa-en_AU.mo
vendor/tgmpa/tgm-plugin-activation/languages/tgmpa-en_AU.po,simple-shop-connector/vendor/tgmpa/tgm-plugin-activation/languages/tgmpa-en_AU.po,vendor/tgmpa/tgm-plugin-activation/languages/tgmpa-en_AU.po
vendor/tgmpa/tgm-plugin-activation/languages/tgmpa-en_CA.mo,simple-shop-connector/vendor/tgmpa/tgm-plugin-activation/languages/tgmpa-en_CA.mo,vendor/tgmpa/tgm-plugin-activation/languages/tgmpa-en_CA.mo
vendor/tgmpa/tgm-plugin-activation/languages/tgmpa-en_CA.po,simple-shop-connector/vendor/tgmpa/tgm-plugin-activation/languages/tgmpa-en_CA.po,vendor/tgmpa/tgm-plugin-activation/languages/tgmpa-en_CA.po
vendor/tgmpa/tgm-plugin-activation/languages/tgmpa-en_GB.mo,simple-shop-connector/vendor/tgmpa/tgm-plugin-activation/languages/tgmpa-en_GB.mo,vendor/tgmpa/tgm-plugin-activation/languages/tgmpa-en_GB.mo
vendor/tgmpa/tgm-plugin-activation/languages/tgmpa-en_GB.po,simple-shop-connector/vendor/tgmpa/tgm-plugin-activation/languages/tgmpa-en_GB.po,vendor/tgmpa/tgm-plugin-activation/languages/tgmpa-en_GB.po
vendor/tgmpa/tgm-plugin-activation/languages/tgmpa-eo.mo,simple-shop-connector/vendor/tgmpa/tgm-plugin-activation/languages/tgmpa-eo.mo,vendor/tgmpa/tgm-plugin-activation/languages/tgmpa-eo.mo
vendor/tgmpa/tgm-plugin-activation/languages/tgmpa-eo.po,simple-shop-connector/vendor/tgmpa/tgm-plugin-activation/languages/tgmpa-eo.po,vendor/tgmpa/tgm-plugin-activation/languages/tgmpa-eo.po
vendor/tgmpa/tgm-plugin-activation/languages/tgmpa-es_ES.mo,simple-shop-connector/vendor/tgmpa/tgm-plugin-activation/languages/tgmpa-es_ES.mo,vendor/tgmpa/tgm-plugin-activation/languages/tgmpa-es_ES.mo
vendor/tgmpa/tgm-plugin-activation/languages/tgmpa-es_ES.po,simple-shop-connector/vendor/tgmpa/tgm-plugin-activation/languages/tgmpa-es_ES.po,vendor/tgmpa/tgm-plugin-activation/languages/tgmpa-es_ES.po
vendor/tgmpa/tgm-plugin-activation/languages/tgmpa-fr_FR.mo,simple-shop-connector/vendor/tgmpa/tgm-plugin-activation/languages/tgmpa-fr_FR.mo,vendor/tgmpa/tgm-plugin-activation/languages/tgmpa-fr_FR.mo
vendor/tgmpa/tgm-plugin-activation/languages/tgmpa-fr_FR.po,simple-shop-connector/vendor/tgmpa/tgm-plugin-activation/languages/tgmpa-fr_FR.po,vendor/tgmpa/tgm-plugin-activation/languages/tgmpa-fr_FR.po
vendor/tgmpa/tgm-plugin-activation/languages/tgmpa-he_IL.mo,simple-shop-connector/vendor/tgmpa/tgm-plugin-activation/languages/tgmpa-he_IL.mo,vendor/tgmpa/tgm-plugin-activation/languages/tgmpa-he_IL.mo
vendor/tgmpa/tgm-plugin-activation/languages/tgmpa-he_IL.po,simple-shop-connector/vendor/tgmpa/tgm-plugin-activation/languages/tgmpa-he_IL.po,vendor/tgmpa/tgm-plugin-activation/languages/tgmpa-he_IL.po
vendor/tgmpa/tgm-plugin-activation/languages/tgmpa-hr_HR.mo,simple-shop-connector/vendor/tgmpa/tgm-plugin-activation/languages/tgmpa-hr_HR.mo,vendor/tgmpa/tgm-plugin-activation/languages/tgmpa-hr_HR.mo
vendor/tgmpa/tgm-plugin-activation/languages/tgmpa-hr_HR.po,simple-shop-connector/vendor/tgmpa/tgm-plugin-activation/languages/tgmpa-hr_HR.po,vendor/tgmpa/tgm-plugin-activation/languages/tgmpa-hr_HR.po
vendor/tgmpa/tgm-plugin-activation/languages/tgmpa-it_IT.mo,simple-shop-connector/vendor/tgmpa/tgm-plugin-activation/languages/tgmpa-it_IT.mo,vendor/tgmpa/tgm-plugin-activation/languages/tgmpa-it_IT.mo
vendor/tgmpa/tgm-plugin-activation/languages/tgmpa-it_IT.po,simple-shop-connector/vendor/tgmpa/tgm-plugin-activation/languages/tgmpa-it_IT.po,vendor/tgmpa/tgm-plugin-activation/languages/tgmpa-it_IT.po
vendor/tgmpa/tgm-plugin-activation/languages/tgmpa-nl_NL.mo,simple-shop-connector/vendor/tgmpa/tgm-plugin-activation/languages/tgmpa-nl_NL.mo,vendor/tgmpa/tgm-plugin-activation/languages/tgmpa-nl_NL.mo
vendor/tgmpa/tgm-plugin-activation/languages/tgmpa-nl_NL.po,simple-shop-connector/vendor/tgmpa/tgm-plugin-activation/languages/tgmpa-nl_NL.po,vendor/tgmpa/tgm-plugin-activation/languages/tgmpa-nl_NL.po
vendor/tgmpa/tgm-plugin-activation/languages/tgmpa-pt_BR.mo,simple-shop-connector/vendor/tgmpa/tgm-plugin-activation/languages/tgmpa-pt_BR.mo,vendor/tgmpa/tgm-plugin-activation/languages/tgmpa-pt_BR.mo
vendor/tgmpa/tgm-plugin-activation/languages/tgmpa-pt_BR.po,simple-shop-connector/vendor/tgmpa/tgm-plugin-activation/languages/tgmpa-pt_BR.po,vendor/tgmpa/tgm-plugin-activation/languages/tgmpa-pt_BR.po
vendor/tgmpa/tgm-plugin-activation/languages/tgmpa-ro_RO.mo,simple-shop-connector/vendor/tgmpa/tgm-plugin-activation/languages/tgmpa-ro_RO.mo,vendor/tgmpa/tgm-plugin-activation/languages/tgmpa-ro_RO.mo
vendor/tgmpa/tgm-plugin-activation/languages/tgmpa-ro_RO.po,simple-shop-connector/vendor/tgmpa/tgm-plugin-activation/languages/tgmpa-ro_RO.po,vendor/tgmpa/tgm-plugin-activation/languages/tgmpa-ro_RO.po
vendor/tgmpa/tgm-plugin-activation/languages/tgmpa-ru_RU.mo,simple-shop-connector/vendor/tgmpa/tgm-plugin-activation/languages/tgmpa-ru_RU.mo,vendor/tgmpa/tgm-plugin-activation/languages/tgmpa-ru_RU.mo
vendor/tgmpa/tgm-plugin-activation/languages/tgmpa-ru_RU.po,simple-shop-connector/vendor/tgmpa/tgm-plugin-activation/languages/tgmpa-ru_RU.po,vendor/tgmpa/tgm-plugin-activation/languages/tgmpa-ru_RU.po
vendor/tgmpa/tgm-plugin-activation/languages/tgmpa-sr_RS.mo,simple-shop-connector/vendor/tgmpa/tgm-plugin-activation/languages/tgmpa-sr_RS.mo,vendor/tgmpa/tgm-plugin-activation/languages/tgmpa-sr_RS.mo
vendor/tgmpa/tgm-plugin-activation/languages/tgmpa-sr_RS.po,simple-shop-connector/vendor/tgmpa/tgm-plugin-activation/languages/tgmpa-sr_RS.po,vendor/tgmpa/tgm-plugin-activation/languages/tgmpa-sr_RS.po
vendor/tgmpa/tgm-plugin-activation/languages/tgmpa-sv_SE.mo,simple-shop-connector/vendor/tgmpa/tgm-plugin-activation/languages/tgmpa-sv_SE.mo,vendor/tgmpa/tgm-plugin-activation/languages/tgmpa-sv_SE.mo
vendor/tgmpa/tgm-plugin-activation/languages/tgmpa-sv_SE.po,simple-shop-connector/vendor/tgmpa/tgm-plugin-activation/languages/tgmpa-sv_SE.po,vendor/tgmpa/tgm-plugin-activation/languages/tgmpa-sv_SE.po
vendor/tgmpa/tgm-plugin-activation/languages/tgmpa.pot,simple-shop-connector/vendor/tgmpa/tgm-plugin-activation/languages/tgmpa.pot,vendor/tgmpa/tgm-plugin-activation/languages/tgmpa.pot
vendor/tgmpa/tgm-plugin-activation/phpcs.xml,simple-shop-connector/vendor/tgmpa/tgm-plugin-activation/phpcs.xml,vendor/tgmpa/tgm-plugin-activation/phpcs.xml
vendor/tgmpa/tgm-plugin-activation/plugins/tgm-example-plugin.zip,simple-shop-connector/vendor/tgmpa/tgm-plugin-activation/plugins/tgm-example-plugin.zip,vendor/tgmpa/tgm-plugin-activation/plugins/tgm-example-plugin.zip
vendor/webdevstudios/cmb2-post-search-field/.gitignore,simple-shop-connector/vendor/webdevstudios/cmb2-post-search-field/.gitignore,vendor/webdevstudios/cmb2-post-search-field/.gitignore
vendor/webdevstudios/cmb2-post-search-field/README.md,simple-shop-connector/vendor/webdevstudios/cmb2-post-search-field/README.md,vendor/webdevstudios/cmb2-post-search-field/README.md
vendor/webdevstudios/cmb2-post-search-field/cmb2_post_search_field.php,simple-shop-connector/vendor/webdevstudios/cmb2-post-search-field/cmb2_post_search_field.php,vendor/webdevstudios/cmb2-post-search-field/cmb2_post_search_field.php
vendor/webdevstudios/cmb2-post-search-field/composer.json,simple-shop-connector/vendor/webdevstudios/cmb2-post-search-field/composer.json,vendor/webdevstudios/cmb2-post-search-field/composer.json
vendor/webdevstudios/cmb2-post-search-field/lib/init.php,simple-shop-connector/vendor/webdevstudios/cmb2-post-search-field/lib/init.php,vendor/webdevstudios/cmb2-post-search-field/lib/init.php
vendor/webdevstudios/cmb2-post-search-field/post-search-dialog.png,simple-shop-connector/vendor/webdevstudios/cmb2-post-search-field/post-search-dialog.png,vendor/webdevstudios/cmb2-post-search-field/post-search-dialog.png
vendor/webdevstudios/cmb2-post-search-field/post-search-field.png,simple-shop-connector/vendor/webdevstudios/cmb2-post-search-field/post-search-field.png,vendor/webdevstudios/cmb2-post-search-field/post-search-field.png
vendor/webdevstudios/cmb2/.github/ISSUE_TEMPLATE.md,simple-shop-connector/vendor/webdevstudios/cmb2/.github/ISSUE_TEMPLATE.md,vendor/webdevstudios/cmb2/.github/ISSUE_TEMPLATE.md
vendor/webdevstudios/cmb2/.github/PULL_REQUEST_TEMPLATE.md,simple-shop-connector/vendor/webdevstudios/cmb2/.github/PULL_REQUEST_TEMPLATE.md,vendor/webdevstudios/cmb2/.github/PULL_REQUEST_TEMPLATE.md
vendor/webdevstudios/cmb2/CHANGELOG.md,simple-shop-connector/vendor/webdevstudios/cmb2/CHANGELOG.md,vendor/webdevstudios/cmb2/CHANGELOG.md
vendor/webdevstudios/cmb2/CONTRIBUTING.md,simple-shop-connector/vendor/webdevstudios/cmb2/CONTRIBUTING.md,vendor/webdevstudios/cmb2/CONTRIBUTING.md
vendor/webdevstudios/cmb2/bootstrap.php,simple-shop-connector/vendor/webdevstudios/cmb2/bootstrap.php,vendor/webdevstudios/cmb2/bootstrap.php
vendor/webdevstudios/cmb2/css/cmb2-display-rtl.css,simple-shop-connector/vendor/webdevstudios/cmb2/css/cmb2-display-rtl.css,vendor/webdevstudios/cmb2/css/cmb2-display-rtl.css
vendor/webdevstudios/cmb2/css/cmb2-display-rtl.min.css,simple-shop-connector/vendor/webdevstudios/cmb2/css/cmb2-display-rtl.min.css,vendor/webdevstudios/cmb2/css/cmb2-display-rtl.min.css
vendor/webdevstudios/cmb2/css/cmb2-display.css,simple-shop-connector/vendor/webdevstudios/cmb2/css/cmb2-display.css,vendor/webdevstudios/cmb2/css/cmb2-display.css
vendor/webdevstudios/cmb2/css/cmb2-display.css.map,simple-shop-connector/vendor/webdevstudios/cmb2/css/cmb2-display.css.map,vendor/webdevstudios/cmb2/css/cmb2-display.css.map
vendor/webdevstudios/cmb2/css/cmb2-display.min.css,simple-shop-connector/vendor/webdevstudios/cmb2/css/cmb2-display.min.css,vendor/webdevstudios/cmb2/css/cmb2-display.min.css
vendor/webdevstudios/cmb2/css/cmb2-front-rtl.css,simple-shop-connector/vendor/webdevstudios/cmb2/css/cmb2-front-rtl.css,vendor/webdevstudios/cmb2/css/cmb2-front-rtl.css
vendor/webdevstudios/cmb2/css/cmb2-front-rtl.min.css,simple-shop-connector/vendor/webdevstudios/cmb2/css/cmb2-front-rtl.min.css,vendor/webdevstudios/cmb2/css/cmb2-front-rtl.min.css
vendor/webdevstudios/cmb2/css/cmb2-front.css,simple-shop-connector/vendor/webdevstudios/cmb2/css/cmb2-front.css,vendor/webdevstudios/cmb2/css/cmb2-front.css
vendor/webdevstudios/cmb2/css/cmb2-front.css.map,simple-shop-connector/vendor/webdevstudios/cmb2/css/cmb2-front.css.map,vendor/webdevstudios/cmb2/css/cmb2-front.css.map
vendor/webdevstudios/cmb2/css/cmb2-front.min.css,simple-shop-connector/vendor/webdevstudios/cmb2/css/cmb2-front.min.css,vendor/webdevstudios/cmb2/css/cmb2-front.min.css
vendor/webdevstudios/cmb2/css/cmb2-rtl.css,simple-shop-connector/vendor/webdevstudios/cmb2/css/cmb2-rtl.css,vendor/webdevstudios/cmb2/css/cmb2-rtl.css
vendor/webdevstudios/cmb2/css/cmb2-rtl.min.css,simple-shop-connector/vendor/webdevstudios/cmb2/css/cmb2-rtl.min.css,vendor/webdevstudios/cmb2/css/cmb2-rtl.min.css
vendor/webdevstudios/cmb2/css/cmb2.css,simple-shop-connector/vendor/webdevstudios/cmb2/css/cmb2.css,vendor/webdevstudios/cmb2/css/cmb2.css
vendor/webdevstudios/cmb2/css/cmb2.css.map,simple-shop-connector/vendor/webdevstudios/cmb2/css/cmb2.css.map,vendor/webdevstudios/cmb2/css/cmb2.css.map
vendor/webdevstudios/cmb2/css/cmb2.min.css,simple-shop-connector/vendor/webdevstudios/cmb2/css/cmb2.min.css,vendor/webdevstudios/cmb2/css/cmb2.min.css
vendor/webdevstudios/cmb2/css/index.php,simple-shop-connector/vendor/webdevstudios/cmb2/css/index.php,vendor/webdevstudios/cmb2/css/index.php
vendor/webdevstudios/cmb2/css/sass/cmb2-display.scss,simple-shop-connector/vendor/webdevstudios/cmb2/css/sass/cmb2-display.scss,vendor/webdevstudios/cmb2/css/sass/cmb2-display.scss
vendor/webdevstudios/cmb2/css/sass/cmb2-front.scss,simple-shop-connector/vendor/webdevstudios/cmb2/css/sass/cmb2-front.scss,vendor/webdevstudios/cmb2/css/sass/cmb2-front.scss
vendor/webdevstudios/cmb2/css/sass/cmb2.scss,simple-shop-connector/vendor/webdevstudios/cmb2/css/sass/cmb2.scss,vendor/webdevstudios/cmb2/css/sass/cmb2.scss
vendor/webdevstudios/cmb2/css/sass/index.php,simple-shop-connector/vendor/webdevstudios/cmb2/css/sass/index.php,vendor/webdevstudios/cmb2/css/sass/index.php
vendor/webdevstudios/cmb2/css/sass/partials/_collapsible_ui.scss,simple-shop-connector/vendor/webdevstudios/cmb2/css/sass/partials/_collapsible_ui.scss,vendor/webdevstudios/cmb2/css/sass/partials/_collapsible_ui.scss
vendor/webdevstudios/cmb2/css/sass/partials/_context_metaboxes.scss,simple-shop-connector/vendor/webdevstudios/cmb2/css/sass/partials/_context_metaboxes.scss,vendor/webdevstudios/cmb2/css/sass/partials/_context_metaboxes.scss
vendor/webdevstudios/cmb2/css/sass/partials/_display.scss,simple-shop-connector/vendor/webdevstudios/cmb2/css/sass/partials/_display.scss,vendor/webdevstudios/cmb2/css/sass/partials/_display.scss
vendor/webdevstudios/cmb2/css/sass/partials/_front.scss,simple-shop-connector/vendor/webdevstudios/cmb2/css/sass/partials/_front.scss,vendor/webdevstudios/cmb2/css/sass/partials/_front.scss
vendor/webdevstudios/cmb2/css/sass/partials/_jquery_ui.scss,simple-shop-connector/vendor/webdevstudios/cmb2/css/sass/partials/_jquery_ui.scss,vendor/webdevstudios/cmb2/css/sass/partials/_jquery_ui.scss
vendor/webdevstudios/cmb2/css/sass/partials/_main_wrap.scss,simple-shop-connector/vendor/webdevstudios/cmb2/css/sass/partials/_main_wrap.scss,vendor/webdevstudios/cmb2/css/sass/partials/_main_wrap.scss
vendor/webdevstudios/cmb2/css/sass/partials/_misc.scss,simple-shop-connector/vendor/webdevstudios/cmb2/css/sass/partials/_misc.scss,vendor/webdevstudios/cmb2/css/sass/partials/_misc.scss
vendor/webdevstudios/cmb2/css/sass/partials/_mixins.scss,simple-shop-connector/vendor/webdevstudios/cmb2/css/sass/partials/_mixins.scss,vendor/webdevstudios/cmb2/css/sass/partials/_mixins.scss
vendor/webdevstudios/cmb2/css/sass/partials/_post_metaboxes.scss,simple-shop-connector/vendor/webdevstudios/cmb2/css/sass/partials/_post_metaboxes.scss,vendor/webdevstudios/cmb2/css/sass/partials/_post_metaboxes.scss
vendor/webdevstudios/cmb2/css/sass/partials/_sidebar_placements.scss,simple-shop-connector/vendor/webdevstudios/cmb2/css/sass/partials/_sidebar_placements.scss,vendor/webdevstudios/cmb2/css/sass/partials/_sidebar_placements.scss
vendor/webdevstudios/cmb2/css/sass/partials/_variables.scss,simple-shop-connector/vendor/webdevstudios/cmb2/css/sass/partials/_variables.scss,vendor/webdevstudios/cmb2/css/sass/partials/_variables.scss
vendor/webdevstudios/cmb2/css/sass/partials/index.php,simple-shop-connector/vendor/webdevstudios/cmb2/css/sass/partials/index.php,vendor/webdevstudios/cmb2/css/sass/partials/index.php
vendor/webdevstudios/cmb2/example-functions.php,simple-shop-connector/vendor/webdevstudios/cmb2/example-functions.php,vendor/webdevstudios/cmb2/example-functions.php
vendor/webdevstudios/cmb2/images/ico-delete.png,simple-shop-connector/vendor/webdevstudios/cmb2/images/ico-delete.png,vendor/webdevstudios/cmb2/images/ico-delete.png
vendor/webdevstudios/cmb2/images/index.php,simple-shop-connector/vendor/webdevstudios/cmb2/images/index.php,vendor/webdevstudios/cmb2/images/index.php
vendor/webdevstudios/cmb2/images/ui-bg_flat_0_aaaaaa_40x100.png,simple-shop-connector/vendor/webdevstudios/cmb2/images/ui-bg_flat_0_aaaaaa_40x100.png,vendor/webdevstudios/cmb2/images/ui-bg_flat_0_aaaaaa_40x100.png
vendor/webdevstudios/cmb2/images/ui-bg_flat_75_ffffff_40x100.png,simple-shop-connector/vendor/webdevstudios/cmb2/images/ui-bg_flat_75_ffffff_40x100.png,vendor/webdevstudios/cmb2/images/ui-bg_flat_75_ffffff_40x100.png
vendor/webdevstudios/cmb2/images/ui-bg_glass_55_fbf9ee_1x400.png,simple-shop-connector/vendor/webdevstudios/cmb2/images/ui-bg_glass_55_fbf9ee_1x400.png,vendor/webdevstudios/cmb2/images/ui-bg_glass_55_fbf9ee_1x400.png
vendor/webdevstudios/cmb2/images/ui-bg_glass_65_ffffff_1x400.png,simple-shop-connector/vendor/webdevstudios/cmb2/images/ui-bg_glass_65_ffffff_1x400.png,vendor/webdevstudios/cmb2/images/ui-bg_glass_65_ffffff_1x400.png
vendor/webdevstudios/cmb2/images/ui-bg_glass_75_dadada_1x400.png,simple-shop-connector/vendor/webdevstudios/cmb2/images/ui-bg_glass_75_dadada_1x400.png,vendor/webdevstudios/cmb2/images/ui-bg_glass_75_dadada_1x400.png
vendor/webdevstudios/cmb2/images/ui-bg_glass_75_e6e6e6_1x400.png,simple-shop-connector/vendor/webdevstudios/cmb2/images/ui-bg_glass_75_e6e6e6_1x400.png,vendor/webdevstudios/cmb2/images/ui-bg_glass_75_e6e6e6_1x400.png
vendor/webdevstudios/cmb2/images/ui-bg_glass_95_fef1ec_1x400.png,simple-shop-connector/vendor/webdevstudios/cmb2/images/ui-bg_glass_95_fef1ec_1x400.png,vendor/webdevstudios/cmb2/images/ui-bg_glass_95_fef1ec_1x400.png
vendor/webdevstudios/cmb2/images/ui-bg_highlight-soft_75_cccccc_1x100.png,simple-shop-connector/vendor/webdevstudios/cmb2/images/ui-bg_highlight-soft_75_cccccc_1x100.png,vendor/webdevstudios/cmb2/images/ui-bg_highlight-soft_75_cccccc_1x100.png
vendor/webdevstudios/cmb2/images/ui-icons_222222_256x240.png,simple-shop-connector/vendor/webdevstudios/cmb2/images/ui-icons_222222_256x240.png,vendor/webdevstudios/cmb2/images/ui-icons_222222_256x240.png
vendor/webdevstudios/cmb2/images/ui-icons_2e83ff_256x240.png,simple-shop-connector/vendor/webdevstudios/cmb2/images/ui-icons_2e83ff_256x240.png,vendor/webdevstudios/cmb2/images/ui-icons_2e83ff_256x240.png
vendor/webdevstudios/cmb2/images/ui-icons_454545_256x240.png,simple-shop-connector/vendor/webdevstudios/cmb2/images/ui-icons_454545_256x240.png,vendor/webdevstudios/cmb2/images/ui-icons_454545_256x240.png
vendor/webdevstudios/cmb2/images/ui-icons_888888_256x240.png,simple-shop-connector/vendor/webdevstudios/cmb2/images/ui-icons_888888_256x240.png,vendor/webdevstudios/cmb2/images/ui-icons_888888_256x240.png
vendor/webdevstudios/cmb2/images/ui-icons_cd0a0a_256x240.png,simple-shop-connector/vendor/webdevstudios/cmb2/images/ui-icons_cd0a0a_256x240.png,vendor/webdevstudios/cmb2/images/ui-icons_cd0a0a_256x240.png
vendor/webdevstudios/cmb2/includes/CMB2.php,simple-shop-connector/vendor/webdevstudios/cmb2/includes/CMB2.php,vendor/webdevstudios/cmb2/includes/CMB2.php
vendor/webdevstudios/cmb2/includes/CMB2_Ajax.php,simple-shop-connector/vendor/webdevstudios/cmb2/includes/CMB2_Ajax.php,vendor/webdevstudios/cmb2/includes/CMB2_Ajax.php
vendor/webdevstudios/cmb2/includes/CMB2_Base.php,simple-shop-connector/vendor/webdevstudios/cmb2/includes/CMB2_Base.php,vendor/webdevstudios/cmb2/includes/CMB2_Base.php
vendor/webdevstudios/cmb2/includes/CMB2_Boxes.php,simple-shop-connector/vendor/webdevstudios/cmb2/includes/CMB2_Boxes.php,vendor/webdevstudios/cmb2/includes/CMB2_Boxes.php
vendor/webdevstudios/cmb2/includes/CMB2_Field.php,simple-shop-connector/vendor/webdevstudios/cmb2/includes/CMB2_Field.php,vendor/webdevstudios/cmb2/includes/CMB2_Field.php
vendor/webdevstudios/cmb2/includes/CMB2_Field_Display.php,simple-shop-connector/vendor/webdevstudios/cmb2/includes/CMB2_Field_Display.php,vendor/webdevstudios/cmb2/includes/CMB2_Field_Display.php
vendor/webdevstudios/cmb2/includes/CMB2_Hookup_Base.php,simple-shop-connector/vendor/webdevstudios/cmb2/includes/CMB2_Hookup_Base.php,vendor/webdevstudios/cmb2/includes/CMB2_Hookup_Base.php
vendor/webdevstudios/cmb2/includes/CMB2_JS.php,simple-shop-connector/vendor/webdevstudios/cmb2/includes/CMB2_JS.php,vendor/webdevstudios/cmb2/includes/CMB2_JS.php
vendor/webdevstudios/cmb2/includes/CMB2_Options.php,simple-shop-connector/vendor/webdevstudios/cmb2/includes/CMB2_Options.php,vendor/webdevstudios/cmb2/includes/CMB2_Options.php
vendor/webdevstudios/cmb2/includes/CMB2_Sanitize.php,simple-shop-connector/vendor/webdevstudios/cmb2/includes/CMB2_Sanitize.php,vendor/webdevstudios/cmb2/includes/CMB2_Sanitize.php
vendor/webdevstudios/cmb2/includes/CMB2_Show_Filters.php,simple-shop-connector/vendor/webdevstudios/cmb2/includes/CMB2_Show_Filters.php,vendor/webdevstudios/cmb2/includes/CMB2_Show_Filters.php
vendor/webdevstudios/cmb2/includes/CMB2_Types.php,simple-shop-connector/vendor/webdevstudios/cmb2/includes/CMB2_Types.php,vendor/webdevstudios/cmb2/includes/CMB2_Types.php
vendor/webdevstudios/cmb2/includes/CMB2_Utils.php,simple-shop-connector/vendor/webdevstudios/cmb2/includes/CMB2_Utils.php,vendor/webdevstudios/cmb2/includes/CMB2_Utils.php
vendor/webdevstudios/cmb2/includes/CMB2_hookup.php,simple-shop-connector/vendor/webdevstudios/cmb2/includes/CMB2_hookup.php,vendor/webdevstudios/cmb2/includes/CMB2_hookup.php
vendor/webdevstudios/cmb2/includes/helper-functions.php,simple-shop-connector/vendor/webdevstudios/cmb2/includes/helper-functions.php,vendor/webdevstudios/cmb2/includes/helper-functions.php
vendor/webdevstudios/cmb2/includes/index.php,simple-shop-connector/vendor/webdevstudios/cmb2/includes/index.php,vendor/webdevstudios/cmb2/includes/index.php
vendor/webdevstudios/cmb2/includes/rest-api/CMB2_REST.php,simple-shop-connector/vendor/webdevstudios/cmb2/includes/rest-api/CMB2_REST.php,vendor/webdevstudios/cmb2/includes/rest-api/CMB2_REST.php
vendor/webdevstudios/cmb2/includes/rest-api/CMB2_REST_Controller.php,simple-shop-connector/vendor/webdevstudios/cmb2/includes/rest-api/CMB2_REST_Controller.php,vendor/webdevstudios/cmb2/includes/rest-api/CMB2_REST_Controller.php
vendor/webdevstudios/cmb2/includes/rest-api/CMB2_REST_Controller_Boxes.php,simple-shop-connector/vendor/webdevstudios/cmb2/includes/rest-api/CMB2_REST_Controller_Boxes.php,vendor/webdevstudios/cmb2/includes/rest-api/CMB2_REST_Controller_Boxes.php
vendor/webdevstudios/cmb2/includes/rest-api/CMB2_REST_Controller_Fields.php,simple-shop-connector/vendor/webdevstudios/cmb2/includes/rest-api/CMB2_REST_Controller_Fields.php,vendor/webdevstudios/cmb2/includes/rest-api/CMB2_REST_Controller_Fields.php
vendor/webdevstudios/cmb2/includes/shim/WP_REST_Controller.php,simple-shop-connector/vendor/webdevstudios/cmb2/includes/shim/WP_REST_Controller.php,vendor/webdevstudios/cmb2/includes/shim/WP_REST_Controller.php
vendor/webdevstudios/cmb2/includes/types/CMB2_Type_Base.php,simple-shop-connector/vendor/webdevstudios/cmb2/includes/types/CMB2_Type_Base.php,vendor/webdevstudios/cmb2/includes/types/CMB2_Type_Base.php
vendor/webdevstudios/cmb2/includes/types/CMB2_Type_Checkbox.php,simple-shop-connector/vendor/webdevstudios/cmb2/includes/types/CMB2_Type_Checkbox.php,vendor/webdevstudios/cmb2/includes/types/CMB2_Type_Checkbox.php
vendor/webdevstudios/cmb2/includes/types/CMB2_Type_Colorpicker.php,simple-shop-connector/vendor/webdevstudios/cmb2/includes/types/CMB2_Type_Colorpicker.php,vendor/webdevstudios/cmb2/includes/types/CMB2_Type_Colorpicker.php
vendor/webdevstudios/cmb2/includes/types/CMB2_Type_File.php,simple-shop-connector/vendor/webdevstudios/cmb2/includes/types/CMB2_Type_File.php,vendor/webdevstudios/cmb2/includes/types/CMB2_Type_File.php
vendor/webdevstudios/cmb2/includes/types/CMB2_Type_File_Base.php,simple-shop-connector/vendor/webdevstudios/cmb2/includes/types/CMB2_Type_File_Base.php,vendor/webdevstudios/cmb2/includes/types/CMB2_Type_File_Base.php
vendor/webdevstudios/cmb2/includes/types/CMB2_Type_File_List.php,simple-shop-connector/vendor/webdevstudios/cmb2/includes/types/CMB2_Type_File_List.php,vendor/webdevstudios/cmb2/includes/types/CMB2_Type_File_List.php
vendor/webdevstudios/cmb2/includes/types/CMB2_Type_Multi_Base.php,simple-shop-connector/vendor/webdevstudios/cmb2/includes/types/CMB2_Type_Multi_Base.php,vendor/webdevstudios/cmb2/includes/types/CMB2_Type_Multi_Base.php
vendor/webdevstudios/cmb2/includes/types/CMB2_Type_Multicheck.php,simple-shop-connector/vendor/webdevstudios/cmb2/includes/types/CMB2_Type_Multicheck.php,vendor/webdevstudios/cmb2/includes/types/CMB2_Type_Multicheck.php
vendor/webdevstudios/cmb2/includes/types/CMB2_Type_Oembed.php,simple-shop-connector/vendor/webdevstudios/cmb2/includes/types/CMB2_Type_Oembed.php,vendor/webdevstudios/cmb2/includes/types/CMB2_Type_Oembed.php
vendor/webdevstudios/cmb2/includes/types/CMB2_Type_Picker_Base.php,simple-shop-connector/vendor/webdevstudios/cmb2/includes/types/CMB2_Type_Picker_Base.php,vendor/webdevstudios/cmb2/includes/types/CMB2_Type_Picker_Base.php
vendor/webdevstudios/cmb2/includes/types/CMB2_Type_Radio.php,simple-shop-connector/vendor/webdevstudios/cmb2/includes/types/CMB2_Type_Radio.php,vendor/webdevstudios/cmb2/includes/types/CMB2_Type_Radio.php
vendor/webdevstudios/cmb2/includes/types/CMB2_Type_Select.php,simple-shop-connector/vendor/webdevstudios/cmb2/includes/types/CMB2_Type_Select.php,vendor/webdevstudios/cmb2/includes/types/CMB2_Type_Select.php
vendor/webdevstudios/cmb2/includes/types/CMB2_Type_Select_Timezone.php,simple-shop-connector/vendor/webdevstudios/cmb2/includes/types/CMB2_Type_Select_Timezone.php,vendor/webdevstudios/cmb2/includes/types/CMB2_Type_Select_Timezone.php
vendor/webdevstudios/cmb2/includes/types/CMB2_Type_Taxonomy_Base.php,simple-shop-connector/vendor/webdevstudios/cmb2/includes/types/CMB2_Type_Taxonomy_Base.php,vendor/webdevstudios/cmb2/includes/types/CMB2_Type_Taxonomy_Base.php
vendor/webdevstudios/cmb2/includes/types/CMB2_Type_Taxonomy_Multicheck.php,simple-shop-connector/vendor/webdevstudios/cmb2/includes/types/CMB2_Type_Taxonomy_Multicheck.php,vendor/webdevstudios/cmb2/includes/types/CMB2_Type_Taxonomy_Multicheck.php
vendor/webdevstudios/cmb2/includes/types/CMB2_Type_Taxonomy_Multicheck_Hierarchical.php,simple-shop-connector/vendor/webdevstudios/cmb2/includes/types/CMB2_Type_Taxonomy_Multicheck_Hierarchical.php,vendor/webdevstudios/cmb2/includes/types/CMB2_Type_Taxonomy_Multicheck_Hierarchical.php
vendor/webdevstudios/cmb2/includes/types/CMB2_Type_Taxonomy_Radio.php,simple-shop-connector/vendor/webdevstudios/cmb2/includes/types/CMB2_Type_Taxonomy_Radio.php,vendor/webdevstudios/cmb2/includes/types/CMB2_Type_Taxonomy_Radio.php
vendor/webdevstudios/cmb2/includes/types/CMB2_Type_Taxonomy_Radio_Hierarchical.php,simple-shop-connector/vendor/webdevstudios/cmb2/includes/types/CMB2_Type_Taxonomy_Radio_Hierarchical.php,vendor/webdevstudios/cmb2/includes/types/CMB2_Type_Taxonomy_Radio_Hierarchical.php
vendor/webdevstudios/cmb2/includes/types/CMB2_Type_Taxonomy_Select.php,simple-shop-connector/vendor/webdevstudios/cmb2/includes/types/CMB2_Type_Taxonomy_Select.php,vendor/webdevstudios/cmb2/includes/types/CMB2_Type_Taxonomy_Select.php
vendor/webdevstudios/cmb2/includes/types/CMB2_Type_Text.php,simple-shop-connector/vendor/webdevstudios/cmb2/includes/types/CMB2_Type_Text.php,vendor/webdevstudios/cmb2/includes/types/CMB2_Type_Text.php
vendor/webdevstudios/cmb2/includes/types/CMB2_Type_Text_Date.php,simple-shop-connector/vendor/webdevstudios/cmb2/includes/types/CMB2_Type_Text_Date.php,vendor/webdevstudios/cmb2/includes/types/CMB2_Type_Text_Date.php
vendor/webdevstudios/cmb2/includes/types/CMB2_Type_Text_Datetime_Timestamp.php,simple-shop-connector/vendor/webdevstudios/cmb2/includes/types/CMB2_Type_Text_Datetime_Timestamp.php,vendor/webdevstudios/cmb2/includes/types/CMB2_Type_Text_Datetime_Timestamp.php
vendor/webdevstudios/cmb2/includes/types/CMB2_Type_Text_Datetime_Timestamp_Timezone.php,simple-shop-connector/vendor/webdevstudios/cmb2/includes/types/CMB2_Type_Text_Datetime_Timestamp_Timezone.php,vendor/webdevstudios/cmb2/includes/types/CMB2_Type_Text_Datetime_Timestamp_Timezone.php
vendor/webdevstudios/cmb2/includes/types/CMB2_Type_Text_Time.php,simple-shop-connector/vendor/webdevstudios/cmb2/includes/types/CMB2_Type_Text_Time.php,vendor/webdevstudios/cmb2/includes/types/CMB2_Type_Text_Time.php
vendor/webdevstudios/cmb2/includes/types/CMB2_Type_Textarea.php,simple-shop-connector/vendor/webdevstudios/cmb2/includes/types/CMB2_Type_Textarea.php,vendor/webdevstudios/cmb2/includes/types/CMB2_Type_Textarea.php
vendor/webdevstudios/cmb2/includes/types/CMB2_Type_Textarea_Code.php,simple-shop-connector/vendor/webdevstudios/cmb2/includes/types/CMB2_Type_Textarea_Code.php,vendor/webdevstudios/cmb2/includes/types/CMB2_Type_Textarea_Code.php
vendor/webdevstudios/cmb2/includes/types/CMB2_Type_Title.php,simple-shop-connector/vendor/webdevstudios/cmb2/includes/types/CMB2_Type_Title.php,vendor/webdevstudios/cmb2/includes/types/CMB2_Type_Title.php
vendor/webdevstudios/cmb2/includes/types/CMB2_Type_Wysiwyg.php,simple-shop-connector/vendor/webdevstudios/cmb2/includes/types/CMB2_Type_Wysiwyg.php,vendor/webdevstudios/cmb2/includes/types/CMB2_Type_Wysiwyg.php
vendor/webdevstudios/cmb2/index.php,simple-shop-connector/vendor/webdevstudios/cmb2/index.php,vendor/webdevstudios/cmb2/index.php
vendor/webdevstudios/cmb2/init.php,simple-shop-connector/vendor/webdevstudios/cmb2/init.php,vendor/webdevstudios/cmb2/init.php
vendor/webdevstudios/cmb2/js/cmb2-wysiwyg.js,simple-shop-connector/vendor/webdevstudios/cmb2/js/cmb2-wysiwyg.js,vendor/webdevstudios/cmb2/js/cmb2-wysiwyg.js
vendor/webdevstudios/cmb2/js/cmb2.js,simple-shop-connector/vendor/webdevstudios/cmb2/js/cmb2.js,vendor/webdevstudios/cmb2/js/cmb2.js
vendor/webdevstudios/cmb2/js/cmb2.min.js,simple-shop-connector/vendor/webdevstudios/cmb2/js/cmb2.min.js,vendor/webdevstudios/cmb2/js/cmb2.min.js
vendor/webdevstudios/cmb2/js/index.php,simple-shop-connector/vendor/webdevstudios/cmb2/js/index.php,vendor/webdevstudios/cmb2/js/index.php
vendor/webdevstudios/cmb2/js/jquery-ui-timepicker-addon.min.js,simple-shop-connector/vendor/webdevstudios/cmb2/js/jquery-ui-timepicker-addon.min.js,vendor/webdevstudios/cmb2/js/jquery-ui-timepicker-addon.min.js
vendor/webdevstudios/cmb2/languages/cmb2-ach.mo,simple-shop-connector/vendor/webdevstudios/cmb2/languages/cmb2-ach.mo,vendor/webdevstudios/cmb2/languages/cmb2-ach.mo
vendor/webdevstudios/cmb2/languages/cmb2-ach.po,simple-shop-connector/vendor/webdevstudios/cmb2/languages/cmb2-ach.po,vendor/webdevstudios/cmb2/languages/cmb2-ach.po
vendor/webdevstudios/cmb2/languages/cmb2-af.mo,simple-shop-connector/vendor/webdevstudios/cmb2/languages/cmb2-af.mo,vendor/webdevstudios/cmb2/languages/cmb2-af.mo
vendor/webdevstudios/cmb2/languages/cmb2-af.po,simple-shop-connector/vendor/webdevstudios/cmb2/languages/cmb2-af.po,vendor/webdevstudios/cmb2/languages/cmb2-af.po
vendor/webdevstudios/cmb2/languages/cmb2-an.mo,simple-shop-connector/vendor/webdevstudios/cmb2/languages/cmb2-an.mo,vendor/webdevstudios/cmb2/languages/cmb2-an.mo
vendor/webdevstudios/cmb2/languages/cmb2-an.po,simple-shop-connector/vendor/webdevstudios/cmb2/languages/cmb2-an.po,vendor/webdevstudios/cmb2/languages/cmb2-an.po
vendor/webdevstudios/cmb2/languages/cmb2-ar.mo,simple-shop-connector/vendor/webdevstudios/cmb2/languages/cmb2-ar.mo,vendor/webdevstudios/cmb2/languages/cmb2-ar.mo
vendor/webdevstudios/cmb2/languages/cmb2-ar.po,simple-shop-connector/vendor/webdevstudios/cmb2/languages/cmb2-ar.po,vendor/webdevstudios/cmb2/languages/cmb2-ar.po
vendor/webdevstudios/cmb2/languages/cmb2-ary.mo,simple-shop-connector/vendor/webdevstudios/cmb2/languages/cmb2-ary.mo,vendor/webdevstudios/cmb2/languages/cmb2-ary.mo
vendor/webdevstudios/cmb2/languages/cmb2-ary.po,simple-shop-connector/vendor/webdevstudios/cmb2/languages/cmb2-ary.po,vendor/webdevstudios/cmb2/languages/cmb2-ary.po
vendor/webdevstudios/cmb2/languages/cmb2-as.mo,simple-shop-connector/vendor/webdevstudios/cmb2/languages/cmb2-as.mo,vendor/webdevstudios/cmb2/languages/cmb2-as.mo
vendor/webdevstudios/cmb2/languages/cmb2-as.po,simple-shop-connector/vendor/webdevstudios/cmb2/languages/cmb2-as.po,vendor/webdevstudios/cmb2/languages/cmb2-as.po
vendor/webdevstudios/cmb2/languages/cmb2-az.mo,simple-shop-connector/vendor/webdevstudios/cmb2/languages/cmb2-az.mo,vendor/webdevstudios/cmb2/languages/cmb2-az.mo
vendor/webdevstudios/cmb2/languages/cmb2-az.po,simple-shop-connector/vendor/webdevstudios/cmb2/languages/cmb2-az.po,vendor/webdevstudios/cmb2/languages/cmb2-az.po
vendor/webdevstudios/cmb2/languages/cmb2-be.mo,simple-shop-connector/vendor/webdevstudios/cmb2/languages/cmb2-be.mo,vendor/webdevstudios/cmb2/languages/cmb2-be.mo
vendor/webdevstudios/cmb2/languages/cmb2-be.po,simple-shop-connector/vendor/webdevstudios/cmb2/languages/cmb2-be.po,vendor/webdevstudios/cmb2/languages/cmb2-be.po
vendor/webdevstudios/cmb2/languages/cmb2-bg.mo,simple-shop-connector/vendor/webdevstudios/cmb2/languages/cmb2-bg.mo,vendor/webdevstudios/cmb2/languages/cmb2-bg.mo
vendor/webdevstudios/cmb2/languages/cmb2-bg.po,simple-shop-connector/vendor/webdevstudios/cmb2/languages/cmb2-bg.po,vendor/webdevstudios/cmb2/languages/cmb2-bg.po
vendor/webdevstudios/cmb2/languages/cmb2-bg_BG.mo,simple-shop-connector/vendor/webdevstudios/cmb2/languages/cmb2-bg_BG.mo,vendor/webdevstudios/cmb2/languages/cmb2-bg_BG.mo
vendor/webdevstudios/cmb2/languages/cmb2-bg_BG.po,simple-shop-connector/vendor/webdevstudios/cmb2/languages/cmb2-bg_BG.po,vendor/webdevstudios/cmb2/languages/cmb2-bg_BG.po
vendor/webdevstudios/cmb2/languages/cmb2-bn_BD.mo,simple-shop-connector/vendor/webdevstudios/cmb2/languages/cmb2-bn_BD.mo,vendor/webdevstudios/cmb2/languages/cmb2-bn_BD.mo
vendor/webdevstudios/cmb2/languages/cmb2-bn_BD.po,simple-shop-connector/vendor/webdevstudios/cmb2/languages/cmb2-bn_BD.po,vendor/webdevstudios/cmb2/languages/cmb2-bn_BD.po
vendor/webdevstudios/cmb2/languages/cmb2-br.mo,simple-shop-connector/vendor/webdevstudios/cmb2/languages/cmb2-br.mo,vendor/webdevstudios/cmb2/languages/cmb2-br.mo
vendor/webdevstudios/cmb2/languages/cmb2-br.po,simple-shop-connector/vendor/webdevstudios/cmb2/languages/cmb2-br.po,vendor/webdevstudios/cmb2/languages/cmb2-br.po
vendor/webdevstudios/cmb2/languages/cmb2-bs.mo,simple-shop-connector/vendor/webdevstudios/cmb2/languages/cmb2-bs.mo,vendor/webdevstudios/cmb2/languages/cmb2-bs.mo
vendor/webdevstudios/cmb2/languages/cmb2-bs.po,simple-shop-connector/vendor/webdevstudios/cmb2/languages/cmb2-bs.po,vendor/webdevstudios/cmb2/languages/cmb2-bs.po
vendor/webdevstudios/cmb2/languages/cmb2-bs_BA.mo,simple-shop-connector/vendor/webdevstudios/cmb2/languages/cmb2-bs_BA.mo,vendor/webdevstudios/cmb2/languages/cmb2-bs_BA.mo
vendor/webdevstudios/cmb2/languages/cmb2-bs_BA.po,simple-shop-connector/vendor/webdevstudios/cmb2/languages/cmb2-bs_BA.po,vendor/webdevstudios/cmb2/languages/cmb2-bs_BA.po
vendor/webdevstudios/cmb2/languages/cmb2-ca.mo,simple-shop-connector/vendor/webdevstudios/cmb2/languages/cmb2-ca.mo,vendor/webdevstudios/cmb2/languages/cmb2-ca.mo
vendor/webdevstudios/cmb2/languages/cmb2-ca.po,simple-shop-connector/vendor/webdevstudios/cmb2/languages/cmb2-ca.po,vendor/webdevstudios/cmb2/languages/cmb2-ca.po
vendor/webdevstudios/cmb2/languages/cmb2-co.mo,simple-shop-connector/vendor/webdevstudios/cmb2/languages/cmb2-co.mo,vendor/webdevstudios/cmb2/languages/cmb2-co.mo
vendor/webdevstudios/cmb2/languages/cmb2-co.po,simple-shop-connector/vendor/webdevstudios/cmb2/languages/cmb2-co.po,vendor/webdevstudios/cmb2/languages/cmb2-co.po
vendor/webdevstudios/cmb2/languages/cmb2-cs_CZ.mo,simple-shop-connector/vendor/webdevstudios/cmb2/languages/cmb2-cs_CZ.mo,vendor/webdevstudios/cmb2/languages/cmb2-cs_CZ.mo
vendor/webdevstudios/cmb2/languages/cmb2-cs_CZ.po,simple-shop-connector/vendor/webdevstudios/cmb2/languages/cmb2-cs_CZ.po,vendor/webdevstudios/cmb2/languages/cmb2-cs_CZ.po
vendor/webdevstudios/cmb2/languages/cmb2-cy.mo,simple-shop-connector/vendor/webdevstudios/cmb2/languages/cmb2-cy.mo,vendor/webdevstudios/cmb2/languages/cmb2-cy.mo
vendor/webdevstudios/cmb2/languages/cmb2-cy.po,simple-shop-connector/vendor/webdevstudios/cmb2/languages/cmb2-cy.po,vendor/webdevstudios/cmb2/languages/cmb2-cy.po
vendor/webdevstudios/cmb2/languages/cmb2-da_DK.mo,simple-shop-connector/vendor/webdevstudios/cmb2/languages/cmb2-da_DK.mo,vendor/webdevstudios/cmb2/languages/cmb2-da_DK.mo
vendor/webdevstudios/cmb2/languages/cmb2-da_DK.po,simple-shop-connector/vendor/webdevstudios/cmb2/languages/cmb2-da_DK.po,vendor/webdevstudios/cmb2/languages/cmb2-da_DK.po
vendor/webdevstudios/cmb2/languages/cmb2-de_AT.mo,simple-shop-connector/vendor/webdevstudios/cmb2/languages/cmb2-de_AT.mo,vendor/webdevstudios/cmb2/languages/cmb2-de_AT.mo
vendor/webdevstudios/cmb2/languages/cmb2-de_AT.po,simple-shop-connector/vendor/webdevstudios/cmb2/languages/cmb2-de_AT.po,vendor/webdevstudios/cmb2/languages/cmb2-de_AT.po
vendor/webdevstudios/cmb2/languages/cmb2-de_CH.mo,simple-shop-connector/vendor/webdevstudios/cmb2/languages/cmb2-de_CH.mo,vendor/webdevstudios/cmb2/languages/cmb2-de_CH.mo
vendor/webdevstudios/cmb2/languages/cmb2-de_CH.po,simple-shop-connector/vendor/webdevstudios/cmb2/languages/cmb2-de_CH.po,vendor/webdevstudios/cmb2/languages/cmb2-de_CH.po
vendor/webdevstudios/cmb2/languages/cmb2-de_DE.mo,simple-shop-connector/vendor/webdevstudios/cmb2/languages/cmb2-de_DE.mo,vendor/webdevstudios/cmb2/languages/cmb2-de_DE.mo
vendor/webdevstudios/cmb2/languages/cmb2-de_DE.po,simple-shop-connector/vendor/webdevstudios/cmb2/languages/cmb2-de_DE.po,vendor/webdevstudios/cmb2/languages/cmb2-de_DE.po
vendor/webdevstudios/cmb2/languages/cmb2-dv.mo,simple-shop-connector/vendor/webdevstudios/cmb2/languages/cmb2-dv.mo,vendor/webdevstudios/cmb2/languages/cmb2-dv.mo
vendor/webdevstudios/cmb2/languages/cmb2-dv.po,simple-shop-connector/vendor/webdevstudios/cmb2/languages/cmb2-dv.po,vendor/webdevstudios/cmb2/languages/cmb2-dv.po
vendor/webdevstudios/cmb2/languages/cmb2-el.mo,simple-shop-connector/vendor/webdevstudios/cmb2/languages/cmb2-el.mo,vendor/webdevstudios/cmb2/languages/cmb2-el.mo
vendor/webdevstudios/cmb2/languages/cmb2-el.po,simple-shop-connector/vendor/webdevstudios/cmb2/languages/cmb2-el.po,vendor/webdevstudios/cmb2/languages/cmb2-el.po
vendor/webdevstudios/cmb2/languages/cmb2-en@pirate.mo,simple-shop-connector/vendor/webdevstudios/cmb2/languages/cmb2-en@pirate.mo,vendor/webdevstudios/cmb2/languages/cmb2-en@pirate.mo
vendor/webdevstudios/cmb2/languages/cmb2-en@pirate.po,simple-shop-connector/vendor/webdevstudios/cmb2/languages/cmb2-en@pirate.po,vendor/webdevstudios/cmb2/languages/cmb2-en@pirate.po
vendor/webdevstudios/cmb2/languages/cmb2-en_AU.mo,simple-shop-connector/vendor/webdevstudios/cmb2/languages/cmb2-en_AU.mo,vendor/webdevstudios/cmb2/languages/cmb2-en_AU.mo
vendor/webdevstudios/cmb2/languages/cmb2-en_AU.po,simple-shop-connector/vendor/webdevstudios/cmb2/languages/cmb2-en_AU.po,vendor/webdevstudios/cmb2/languages/cmb2-en_AU.po
vendor/webdevstudios/cmb2/languages/cmb2-en_CA.mo,simple-shop-connector/vendor/webdevstudios/cmb2/languages/cmb2-en_CA.mo,vendor/webdevstudios/cmb2/languages/cmb2-en_CA.mo
vendor/webdevstudios/cmb2/languages/cmb2-en_CA.po,simple-shop-connector/vendor/webdevstudios/cmb2/languages/cmb2-en_CA.po,vendor/webdevstudios/cmb2/languages/cmb2-en_CA.po
vendor/webdevstudios/cmb2/languages/cmb2-en_GB.mo,simple-shop-connector/vendor/webdevstudios/cmb2/languages/cmb2-en_GB.mo,vendor/webdevstudios/cmb2/languages/cmb2-en_GB.mo
vendor/webdevstudios/cmb2/languages/cmb2-en_GB.po,simple-shop-connector/vendor/webdevstudios/cmb2/languages/cmb2-en_GB.po,vendor/webdevstudios/cmb2/languages/cmb2-en_GB.po
vendor/webdevstudios/cmb2/languages/cmb2-eo.mo,simple-shop-connector/vendor/webdevstudios/cmb2/languages/cmb2-eo.mo,vendor/webdevstudios/cmb2/languages/cmb2-eo.mo
vendor/webdevstudios/cmb2/languages/cmb2-eo.po,simple-shop-connector/vendor/webdevstudios/cmb2/languages/cmb2-eo.po,vendor/webdevstudios/cmb2/languages/cmb2-eo.po
vendor/webdevstudios/cmb2/languages/cmb2-es_AR.mo,simple-shop-connector/vendor/webdevstudios/cmb2/languages/cmb2-es_AR.mo,vendor/webdevstudios/cmb2/languages/cmb2-es_AR.mo
vendor/webdevstudios/cmb2/languages/cmb2-es_AR.po,simple-shop-connector/vendor/webdevstudios/cmb2/languages/cmb2-es_AR.po,vendor/webdevstudios/cmb2/languages/cmb2-es_AR.po
vendor/webdevstudios/cmb2/languages/cmb2-es_CL.mo,simple-shop-connector/vendor/webdevstudios/cmb2/languages/cmb2-es_CL.mo,vendor/webdevstudios/cmb2/languages/cmb2-es_CL.mo
vendor/webdevstudios/cmb2/languages/cmb2-es_CL.po,simple-shop-connector/vendor/webdevstudios/cmb2/languages/cmb2-es_CL.po,vendor/webdevstudios/cmb2/languages/cmb2-es_CL.po
vendor/webdevstudios/cmb2/languages/cmb2-es_CO.mo,simple-shop-connector/vendor/webdevstudios/cmb2/languages/cmb2-es_CO.mo,vendor/webdevstudios/cmb2/languages/cmb2-es_CO.mo
vendor/webdevstudios/cmb2/languages/cmb2-es_CO.po,simple-shop-connector/vendor/webdevstudios/cmb2/languages/cmb2-es_CO.po,vendor/webdevstudios/cmb2/languages/cmb2-es_CO.po
vendor/webdevstudios/cmb2/languages/cmb2-es_ES.mo,simple-shop-connector/vendor/webdevstudios/cmb2/languages/cmb2-es_ES.mo,vendor/webdevstudios/cmb2/languages/cmb2-es_ES.mo
vendor/webdevstudios/cmb2/languages/cmb2-es_ES.po,simple-shop-connector/vendor/webdevstudios/cmb2/languages/cmb2-es_ES.po,vendor/webdevstudios/cmb2/languages/cmb2-es_ES.po
vendor/webdevstudios/cmb2/languages/cmb2-es_MX.mo,simple-shop-connector/vendor/webdevstudios/cmb2/languages/cmb2-es_MX.mo,vendor/webdevstudios/cmb2/languages/cmb2-es_MX.mo
vendor/webdevstudios/cmb2/languages/cmb2-es_MX.po,simple-shop-connector/vendor/webdevstudios/cmb2/languages/cmb2-es_MX.po,vendor/webdevstudios/cmb2/languages/cmb2-es_MX.po
vendor/webdevstudios/cmb2/languages/cmb2-es_PE.mo,simple-shop-connector/vendor/webdevstudios/cmb2/languages/cmb2-es_PE.mo,vendor/webdevstudios/cmb2/languages/cmb2-es_PE.mo
vendor/webdevstudios/cmb2/languages/cmb2-es_PE.po,simple-shop-connector/vendor/webdevstudios/cmb2/languages/cmb2-es_PE.po,vendor/webdevstudios/cmb2/languages/cmb2-es_PE.po
vendor/webdevstudios/cmb2/languages/cmb2-es_VE.mo,simple-shop-connector/vendor/webdevstudios/cmb2/languages/cmb2-es_VE.mo,vendor/webdevstudios/cmb2/languages/cmb2-es_VE.mo
vendor/webdevstudios/cmb2/languages/cmb2-es_VE.po,simple-shop-connector/vendor/webdevstudios/cmb2/languages/cmb2-es_VE.po,vendor/webdevstudios/cmb2/languages/cmb2-es_VE.po
vendor/webdevstudios/cmb2/languages/cmb2-et.mo,simple-shop-connector/vendor/webdevstudios/cmb2/languages/cmb2-et.mo,vendor/webdevstudios/cmb2/languages/cmb2-et.mo
vendor/webdevstudios/cmb2/languages/cmb2-et.po,simple-shop-connector/vendor/webdevstudios/cmb2/languages/cmb2-et.po,vendor/webdevstudios/cmb2/languages/cmb2-et.po
vendor/webdevstudios/cmb2/languages/cmb2-eu.mo,simple-shop-connector/vendor/webdevstudios/cmb2/languages/cmb2-eu.mo,vendor/webdevstudios/cmb2/languages/cmb2-eu.mo
vendor/webdevstudios/cmb2/languages/cmb2-eu.po,simple-shop-connector/vendor/webdevstudios/cmb2/languages/cmb2-eu.po,vendor/webdevstudios/cmb2/languages/cmb2-eu.po
vendor/webdevstudios/cmb2/languages/cmb2-fa.mo,simple-shop-connector/vendor/webdevstudios/cmb2/languages/cmb2-fa.mo,vendor/webdevstudios/cmb2/languages/cmb2-fa.mo
vendor/webdevstudios/cmb2/languages/cmb2-fa.po,simple-shop-connector/vendor/webdevstudios/cmb2/languages/cmb2-fa.po,vendor/webdevstudios/cmb2/languages/cmb2-fa.po
vendor/webdevstudios/cmb2/languages/cmb2-fa_IR.mo,simple-shop-connector/vendor/webdevstudios/cmb2/languages/cmb2-fa_IR.mo,vendor/webdevstudios/cmb2/languages/cmb2-fa_IR.mo
vendor/webdevstudios/cmb2/languages/cmb2-fa_IR.po,simple-shop-connector/vendor/webdevstudios/cmb2/languages/cmb2-fa_IR.po,vendor/webdevstudios/cmb2/languages/cmb2-fa_IR.po
vendor/webdevstudios/cmb2/languages/cmb2-fi.mo,simple-shop-connector/vendor/webdevstudios/cmb2/languages/cmb2-fi.mo,vendor/webdevstudios/cmb2/languages/cmb2-fi.mo
vendor/webdevstudios/cmb2/languages/cmb2-fi.po,simple-shop-connector/vendor/webdevstudios/cmb2/languages/cmb2-fi.po,vendor/webdevstudios/cmb2/languages/cmb2-fi.po
vendor/webdevstudios/cmb2/languages/cmb2-fo.mo,simple-shop-connector/vendor/webdevstudios/cmb2/languages/cmb2-fo.mo,vendor/webdevstudios/cmb2/languages/cmb2-fo.mo
vendor/webdevstudios/cmb2/languages/cmb2-fo.po,simple-shop-connector/vendor/webdevstudios/cmb2/languages/cmb2-fo.po,vendor/webdevstudios/cmb2/languages/cmb2-fo.po
vendor/webdevstudios/cmb2/languages/cmb2-fr_BE.mo,simple-shop-connector/vendor/webdevstudios/cmb2/languages/cmb2-fr_BE.mo,vendor/webdevstudios/cmb2/languages/cmb2-fr_BE.mo
vendor/webdevstudios/cmb2/languages/cmb2-fr_BE.po,simple-shop-connector/vendor/webdevstudios/cmb2/languages/cmb2-fr_BE.po,vendor/webdevstudios/cmb2/languages/cmb2-fr_BE.po
vendor/webdevstudios/cmb2/languages/cmb2-fr_CA.mo,simple-shop-connector/vendor/webdevstudios/cmb2/languages/cmb2-fr_CA.mo,vendor/webdevstudios/cmb2/languages/cmb2-fr_CA.mo
vendor/webdevstudios/cmb2/languages/cmb2-fr_CA.po,simple-shop-connector/vendor/webdevstudios/cmb2/languages/cmb2-fr_CA.po,vendor/webdevstudios/cmb2/languages/cmb2-fr_CA.po
vendor/webdevstudios/cmb2/languages/cmb2-fr_FR.mo,simple-shop-connector/vendor/webdevstudios/cmb2/languages/cmb2-fr_FR.mo,vendor/webdevstudios/cmb2/languages/cmb2-fr_FR.mo
vendor/webdevstudios/cmb2/languages/cmb2-fr_FR.po,simple-shop-connector/vendor/webdevstudios/cmb2/languages/cmb2-fr_FR.po,vendor/webdevstudios/cmb2/languages/cmb2-fr_FR.po
vendor/webdevstudios/cmb2/languages/cmb2-fy.mo,simple-shop-connector/vendor/webdevstudios/cmb2/languages/cmb2-fy.mo,vendor/webdevstudios/cmb2/languages/cmb2-fy.mo
vendor/webdevstudios/cmb2/languages/cmb2-fy.po,simple-shop-connector/vendor/webdevstudios/cmb2/languages/cmb2-fy.po,vendor/webdevstudios/cmb2/languages/cmb2-fy.po
vendor/webdevstudios/cmb2/languages/cmb2-ga.mo,simple-shop-connector/vendor/webdevstudios/cmb2/languages/cmb2-ga.mo,vendor/webdevstudios/cmb2/languages/cmb2-ga.mo
vendor/webdevstudios/cmb2/languages/cmb2-ga.po,simple-shop-connector/vendor/webdevstudios/cmb2/languages/cmb2-ga.po,vendor/webdevstudios/cmb2/languages/cmb2-ga.po
vendor/webdevstudios/cmb2/languages/cmb2-gd.mo,simple-shop-connector/vendor/webdevstudios/cmb2/languages/cmb2-gd.mo,vendor/webdevstudios/cmb2/languages/cmb2-gd.mo
vendor/webdevstudios/cmb2/languages/cmb2-gd.po,simple-shop-connector/vendor/webdevstudios/cmb2/languages/cmb2-gd.po,vendor/webdevstudios/cmb2/languages/cmb2-gd.po
vendor/webdevstudios/cmb2/languages/cmb2-gl_ES.mo,simple-shop-connector/vendor/webdevstudios/cmb2/languages/cmb2-gl_ES.mo,vendor/webdevstudios/cmb2/languages/cmb2-gl_ES.mo
vendor/webdevstudios/cmb2/languages/cmb2-gl_ES.po,simple-shop-connector/vendor/webdevstudios/cmb2/languages/cmb2-gl_ES.po,vendor/webdevstudios/cmb2/languages/cmb2-gl_ES.po
vendor/webdevstudios/cmb2/languages/cmb2-gu_IN.mo,simple-shop-connector/vendor/webdevstudios/cmb2/languages/cmb2-gu_IN.mo,vendor/webdevstudios/cmb2/languages/cmb2-gu_IN.mo
vendor/webdevstudios/cmb2/languages/cmb2-gu_IN.po,simple-shop-connector/vendor/webdevstudios/cmb2/languages/cmb2-gu_IN.po,vendor/webdevstudios/cmb2/languages/cmb2-gu_IN.po
vendor/webdevstudios/cmb2/languages/cmb2-he_IL.mo,simple-shop-connector/vendor/webdevstudios/cmb2/languages/cmb2-he_IL.mo,vendor/webdevstudios/cmb2/languages/cmb2-he_IL.mo
vendor/webdevstudios/cmb2/languages/cmb2-he_IL.po,simple-shop-connector/vendor/webdevstudios/cmb2/languages/cmb2-he_IL.po,vendor/webdevstudios/cmb2/languages/cmb2-he_IL.po
vendor/webdevstudios/cmb2/languages/cmb2-hi_IN.mo,simple-shop-connector/vendor/webdevstudios/cmb2/languages/cmb2-hi_IN.mo,vendor/webdevstudios/cmb2/languages/cmb2-hi_IN.mo
vendor/webdevstudios/cmb2/languages/cmb2-hi_IN.po,simple-shop-connector/vendor/webdevstudios/cmb2/languages/cmb2-hi_IN.po,vendor/webdevstudios/cmb2/languages/cmb2-hi_IN.po
vendor/webdevstudios/cmb2/languages/cmb2-hr.mo,simple-shop-connector/vendor/webdevstudios/cmb2/languages/cmb2-hr.mo,vendor/webdevstudios/cmb2/languages/cmb2-hr.mo
vendor/webdevstudios/cmb2/languages/cmb2-hr.po,simple-shop-connector/vendor/webdevstudios/cmb2/languages/cmb2-hr.po,vendor/webdevstudios/cmb2/languages/cmb2-hr.po
vendor/webdevstudios/cmb2/languages/cmb2-hu_HU.mo,simple-shop-connector/vendor/webdevstudios/cmb2/languages/cmb2-hu_HU.mo,vendor/webdevstudios/cmb2/languages/cmb2-hu_HU.mo
vendor/webdevstudios/cmb2/languages/cmb2-hu_HU.po,simple-shop-connector/vendor/webdevstudios/cmb2/languages/cmb2-hu_HU.po,vendor/webdevstudios/cmb2/languages/cmb2-hu_HU.po
vendor/webdevstudios/cmb2/languages/cmb2-hy.mo,simple-shop-connector/vendor/webdevstudios/cmb2/languages/cmb2-hy.mo,vendor/webdevstudios/cmb2/languages/cmb2-hy.mo
vendor/webdevstudios/cmb2/languages/cmb2-hy.po,simple-shop-connector/vendor/webdevstudios/cmb2/languages/cmb2-hy.po,vendor/webdevstudios/cmb2/languages/cmb2-hy.po
vendor/webdevstudios/cmb2/languages/cmb2-id_ID.mo,simple-shop-connector/vendor/webdevstudios/cmb2/languages/cmb2-id_ID.mo,vendor/webdevstudios/cmb2/languages/cmb2-id_ID.mo
vendor/webdevstudios/cmb2/languages/cmb2-id_ID.po,simple-shop-connector/vendor/webdevstudios/cmb2/languages/cmb2-id_ID.po,vendor/webdevstudios/cmb2/languages/cmb2-id_ID.po
vendor/webdevstudios/cmb2/languages/cmb2-is_IS.mo,simple-shop-connector/vendor/webdevstudios/cmb2/languages/cmb2-is_IS.mo,vendor/webdevstudios/cmb2/languages/cmb2-is_IS.mo
vendor/webdevstudios/cmb2/languages/cmb2-is_IS.po,simple-shop-connector/vendor/webdevstudios/cmb2/languages/cmb2-is_IS.po,vendor/webdevstudios/cmb2/languages/cmb2-is_IS.po
vendor/webdevstudios/cmb2/languages/cmb2-it_IT.mo,simple-shop-connector/vendor/webdevstudios/cmb2/languages/cmb2-it_IT.mo,vendor/webdevstudios/cmb2/languages/cmb2-it_IT.mo
vendor/webdevstudios/cmb2/languages/cmb2-it_IT.po,simple-shop-connector/vendor/webdevstudios/cmb2/languages/cmb2-it_IT.po,vendor/webdevstudios/cmb2/languages/cmb2-it_IT.po
vendor/webdevstudios/cmb2/languages/cmb2-ja.mo,simple-shop-connector/vendor/webdevstudios/cmb2/languages/cmb2-ja.mo,vendor/webdevstudios/cmb2/languages/cmb2-ja.mo
vendor/webdevstudios/cmb2/languages/cmb2-ja.po,simple-shop-connector/vendor/webdevstudios/cmb2/languages/cmb2-ja.po,vendor/webdevstudios/cmb2/languages/cmb2-ja.po
vendor/webdevstudios/cmb2/languages/cmb2-jv.mo,simple-shop-connector/vendor/webdevstudios/cmb2/languages/cmb2-jv.mo,vendor/webdevstudios/cmb2/languages/cmb2-jv.mo
vendor/webdevstudios/cmb2/languages/cmb2-jv.po,simple-shop-connector/vendor/webdevstudios/cmb2/languages/cmb2-jv.po,vendor/webdevstudios/cmb2/languages/cmb2-jv.po
vendor/webdevstudios/cmb2/languages/cmb2-ka.mo,simple-shop-connector/vendor/webdevstudios/cmb2/languages/cmb2-ka.mo,vendor/webdevstudios/cmb2/languages/cmb2-ka.mo
vendor/webdevstudios/cmb2/languages/cmb2-ka.po,simple-shop-connector/vendor/webdevstudios/cmb2/languages/cmb2-ka.po,vendor/webdevstudios/cmb2/languages/cmb2-ka.po
vendor/webdevstudios/cmb2/languages/cmb2-ka_GE.mo,simple-shop-connector/vendor/webdevstudios/cmb2/languages/cmb2-ka_GE.mo,vendor/webdevstudios/cmb2/languages/cmb2-ka_GE.mo
vendor/webdevstudios/cmb2/languages/cmb2-ka_GE.po,simple-shop-connector/vendor/webdevstudios/cmb2/languages/cmb2-ka_GE.po,vendor/webdevstudios/cmb2/languages/cmb2-ka_GE.po
vendor/webdevstudios/cmb2/languages/cmb2-kk.mo,simple-shop-connector/vendor/webdevstudios/cmb2/languages/cmb2-kk.mo,vendor/webdevstudios/cmb2/languages/cmb2-kk.mo
vendor/webdevstudios/cmb2/languages/cmb2-kk.po,simple-shop-connector/vendor/webdevstudios/cmb2/languages/cmb2-kk.po,vendor/webdevstudios/cmb2/languages/cmb2-kk.po
vendor/webdevstudios/cmb2/languages/cmb2-km.mo,simple-shop-connector/vendor/webdevstudios/cmb2/languages/cmb2-km.mo,vendor/webdevstudios/cmb2/languages/cmb2-km.mo
vendor/webdevstudios/cmb2/languages/cmb2-km.po,simple-shop-connector/vendor/webdevstudios/cmb2/languages/cmb2-km.po,vendor/webdevstudios/cmb2/languages/cmb2-km.po
vendor/webdevstudios/cmb2/languages/cmb2-kn.mo,simple-shop-connector/vendor/webdevstudios/cmb2/languages/cmb2-kn.mo,vendor/webdevstudios/cmb2/languages/cmb2-kn.mo
vendor/webdevstudios/cmb2/languages/cmb2-kn.po,simple-shop-connector/vendor/webdevstudios/cmb2/languages/cmb2-kn.po,vendor/webdevstudios/cmb2/languages/cmb2-kn.po
vendor/webdevstudios/cmb2/languages/cmb2-ko_KR.mo,simple-shop-connector/vendor/webdevstudios/cmb2/languages/cmb2-ko_KR.mo,vendor/webdevstudios/cmb2/languages/cmb2-ko_KR.mo
vendor/webdevstudios/cmb2/languages/cmb2-ko_KR.po,simple-shop-connector/vendor/webdevstudios/cmb2/languages/cmb2-ko_KR.po,vendor/webdevstudios/cmb2/languages/cmb2-ko_KR.po
vendor/webdevstudios/cmb2/languages/cmb2-ku.mo,simple-shop-connector/vendor/webdevstudios/cmb2/languages/cmb2-ku.mo,vendor/webdevstudios/cmb2/languages/cmb2-ku.mo
vendor/webdevstudios/cmb2/languages/cmb2-ku.po,simple-shop-connector/vendor/webdevstudios/cmb2/languages/cmb2-ku.po,vendor/webdevstudios/cmb2/languages/cmb2-ku.po
vendor/webdevstudios/cmb2/languages/cmb2-ky.mo,simple-shop-connector/vendor/webdevstudios/cmb2/languages/cmb2-ky.mo,vendor/webdevstudios/cmb2/languages/cmb2-ky.mo
vendor/webdevstudios/cmb2/languages/cmb2-ky.po,simple-shop-connector/vendor/webdevstudios/cmb2/languages/cmb2-ky.po,vendor/webdevstudios/cmb2/languages/cmb2-ky.po
vendor/webdevstudios/cmb2/languages/cmb2-lo.mo,simple-shop-connector/vendor/webdevstudios/cmb2/languages/cmb2-lo.mo,vendor/webdevstudios/cmb2/languages/cmb2-lo.mo
vendor/webdevstudios/cmb2/languages/cmb2-lo.po,simple-shop-connector/vendor/webdevstudios/cmb2/languages/cmb2-lo.po,vendor/webdevstudios/cmb2/languages/cmb2-lo.po
vendor/webdevstudios/cmb2/languages/cmb2-lt_LT.mo,simple-shop-connector/vendor/webdevstudios/cmb2/languages/cmb2-lt_LT.mo,vendor/webdevstudios/cmb2/languages/cmb2-lt_LT.mo
vendor/webdevstudios/cmb2/languages/cmb2-lt_LT.po,simple-shop-connector/vendor/webdevstudios/cmb2/languages/cmb2-lt_LT.po,vendor/webdevstudios/cmb2/languages/cmb2-lt_LT.po
vendor/webdevstudios/cmb2/languages/cmb2-lv.mo,simple-shop-connector/vendor/webdevstudios/cmb2/languages/cmb2-lv.mo,vendor/webdevstudios/cmb2/languages/cmb2-lv.mo
vendor/webdevstudios/cmb2/languages/cmb2-lv.po,simple-shop-connector/vendor/webdevstudios/cmb2/languages/cmb2-lv.po,vendor/webdevstudios/cmb2/languages/cmb2-lv.po
vendor/webdevstudios/cmb2/languages/cmb2-mg.mo,simple-shop-connector/vendor/webdevstudios/cmb2/languages/cmb2-mg.mo,vendor/webdevstudios/cmb2/languages/cmb2-mg.mo
vendor/webdevstudios/cmb2/languages/cmb2-mg.po,simple-shop-connector/vendor/webdevstudios/cmb2/languages/cmb2-mg.po,vendor/webdevstudios/cmb2/languages/cmb2-mg.po
vendor/webdevstudios/cmb2/languages/cmb2-mk_MK.mo,simple-shop-connector/vendor/webdevstudios/cmb2/languages/cmb2-mk_MK.mo,vendor/webdevstudios/cmb2/languages/cmb2-mk_MK.mo
vendor/webdevstudios/cmb2/languages/cmb2-mk_MK.po,simple-shop-connector/vendor/webdevstudios/cmb2/languages/cmb2-mk_MK.po,vendor/webdevstudios/cmb2/languages/cmb2-mk_MK.po
vendor/webdevstudios/cmb2/languages/cmb2-mn.mo,simple-shop-connector/vendor/webdevstudios/cmb2/languages/cmb2-mn.mo,vendor/webdevstudios/cmb2/languages/cmb2-mn.mo
vendor/webdevstudios/cmb2/languages/cmb2-mn.po,simple-shop-connector/vendor/webdevstudios/cmb2/languages/cmb2-mn.po,vendor/webdevstudios/cmb2/languages/cmb2-mn.po
vendor/webdevstudios/cmb2/languages/cmb2-mr.mo,simple-shop-connector/vendor/webdevstudios/cmb2/languages/cmb2-mr.mo,vendor/webdevstudios/cmb2/languages/cmb2-mr.mo
vendor/webdevstudios/cmb2/languages/cmb2-mr.po,simple-shop-connector/vendor/webdevstudios/cmb2/languages/cmb2-mr.po,vendor/webdevstudios/cmb2/languages/cmb2-mr.po
vendor/webdevstudios/cmb2/languages/cmb2-ms_MY.mo,simple-shop-connector/vendor/webdevstudios/cmb2/languages/cmb2-ms_MY.mo,vendor/webdevstudios/cmb2/languages/cmb2-ms_MY.mo
vendor/webdevstudios/cmb2/languages/cmb2-ms_MY.po,simple-shop-connector/vendor/webdevstudios/cmb2/languages/cmb2-ms_MY.po,vendor/webdevstudios/cmb2/languages/cmb2-ms_MY.po
vendor/webdevstudios/cmb2/languages/cmb2-my_MM.mo,simple-shop-connector/vendor/webdevstudios/cmb2/languages/cmb2-my_MM.mo,vendor/webdevstudios/cmb2/languages/cmb2-my_MM.mo
vendor/webdevstudios/cmb2/languages/cmb2-my_MM.po,simple-shop-connector/vendor/webdevstudios/cmb2/languages/cmb2-my_MM.po,vendor/webdevstudios/cmb2/languages/cmb2-my_MM.po
vendor/webdevstudios/cmb2/languages/cmb2-nb_NO.mo,simple-shop-connector/vendor/webdevstudios/cmb2/languages/cmb2-nb_NO.mo,vendor/webdevstudios/cmb2/languages/cmb2-nb_NO.mo
vendor/webdevstudios/cmb2/languages/cmb2-nb_NO.po,simple-shop-connector/vendor/webdevstudios/cmb2/languages/cmb2-nb_NO.po,vendor/webdevstudios/cmb2/languages/cmb2-nb_NO.po
vendor/webdevstudios/cmb2/languages/cmb2-ne_NP.mo,simple-shop-connector/vendor/webdevstudios/cmb2/languages/cmb2-ne_NP.mo,vendor/webdevstudios/cmb2/languages/cmb2-ne_NP.mo
vendor/webdevstudios/cmb2/languages/cmb2-ne_NP.po,simple-shop-connector/vendor/webdevstudios/cmb2/languages/cmb2-ne_NP.po,vendor/webdevstudios/cmb2/languages/cmb2-ne_NP.po
vendor/webdevstudios/cmb2/languages/cmb2-nl_BE.mo,simple-shop-connector/vendor/webdevstudios/cmb2/languages/cmb2-nl_BE.mo,vendor/webdevstudios/cmb2/languages/cmb2-nl_BE.mo
vendor/webdevstudios/cmb2/languages/cmb2-nl_BE.po,simple-shop-connector/vendor/webdevstudios/cmb2/languages/cmb2-nl_BE.po,vendor/webdevstudios/cmb2/languages/cmb2-nl_BE.po
vendor/webdevstudios/cmb2/languages/cmb2-nl_NL.mo,simple-shop-connector/vendor/webdevstudios/cmb2/languages/cmb2-nl_NL.mo,vendor/webdevstudios/cmb2/languages/cmb2-nl_NL.mo
vendor/webdevstudios/cmb2/languages/cmb2-nl_NL.po,simple-shop-connector/vendor/webdevstudios/cmb2/languages/cmb2-nl_NL.po,vendor/webdevstudios/cmb2/languages/cmb2-nl_NL.po
vendor/webdevstudios/cmb2/languages/cmb2-nn_NO.mo,simple-shop-connector/vendor/webdevstudios/cmb2/languages/cmb2-nn_NO.mo,vendor/webdevstudios/cmb2/languages/cmb2-nn_NO.mo
vendor/webdevstudios/cmb2/languages/cmb2-nn_NO.po,simple-shop-connector/vendor/webdevstudios/cmb2/languages/cmb2-nn_NO.po,vendor/webdevstudios/cmb2/languages/cmb2-nn_NO.po
vendor/webdevstudios/cmb2/languages/cmb2-oc.mo,simple-shop-connector/vendor/webdevstudios/cmb2/languages/cmb2-oc.mo,vendor/webdevstudios/cmb2/languages/cmb2-oc.mo
vendor/webdevstudios/cmb2/languages/cmb2-oc.po,simple-shop-connector/vendor/webdevstudios/cmb2/languages/cmb2-oc.po,vendor/webdevstudios/cmb2/languages/cmb2-oc.po
vendor/webdevstudios/cmb2/languages/cmb2-os.mo,simple-shop-connector/vendor/webdevstudios/cmb2/languages/cmb2-os.mo,vendor/webdevstudios/cmb2/languages/cmb2-os.mo
vendor/webdevstudios/cmb2/languages/cmb2-os.po,simple-shop-connector/vendor/webdevstudios/cmb2/languages/cmb2-os.po,vendor/webdevstudios/cmb2/languages/cmb2-os.po
vendor/webdevstudios/cmb2/languages/cmb2-pap.mo,simple-shop-connector/vendor/webdevstudios/cmb2/languages/cmb2-pap.mo,vendor/webdevstudios/cmb2/languages/cmb2-pap.mo
vendor/webdevstudios/cmb2/languages/cmb2-pap.po,simple-shop-connector/vendor/webdevstudios/cmb2/languages/cmb2-pap.po,vendor/webdevstudios/cmb2/languages/cmb2-pap.po
vendor/webdevstudios/cmb2/languages/cmb2-pl_PL.mo,simple-shop-connector/vendor/webdevstudios/cmb2/languages/cmb2-pl_PL.mo,vendor/webdevstudios/cmb2/languages/cmb2-pl_PL.mo
vendor/webdevstudios/cmb2/languages/cmb2-pl_PL.po,simple-shop-connector/vendor/webdevstudios/cmb2/languages/cmb2-pl_PL.po,vendor/webdevstudios/cmb2/languages/cmb2-pl_PL.po
vendor/webdevstudios/cmb2/languages/cmb2-ps.mo,simple-shop-connector/vendor/webdevstudios/cmb2/languages/cmb2-ps.mo,vendor/webdevstudios/cmb2/languages/cmb2-ps.mo
vendor/webdevstudios/cmb2/languages/cmb2-ps.po,simple-shop-connector/vendor/webdevstudios/cmb2/languages/cmb2-ps.po,vendor/webdevstudios/cmb2/languages/cmb2-ps.po
vendor/webdevstudios/cmb2/languages/cmb2-pt_BR.mo,simple-shop-connector/vendor/webdevstudios/cmb2/languages/cmb2-pt_BR.mo,vendor/webdevstudios/cmb2/languages/cmb2-pt_BR.mo
vendor/webdevstudios/cmb2/languages/cmb2-pt_BR.po,simple-shop-connector/vendor/webdevstudios/cmb2/languages/cmb2-pt_BR.po,vendor/webdevstudios/cmb2/languages/cmb2-pt_BR.po
vendor/webdevstudios/cmb2/languages/cmb2-pt_PT.mo,simple-shop-connector/vendor/webdevstudios/cmb2/languages/cmb2-pt_PT.mo,vendor/webdevstudios/cmb2/languages/cmb2-pt_PT.mo
vendor/webdevstudios/cmb2/languages/cmb2-pt_PT.po,simple-shop-connector/vendor/webdevstudios/cmb2/languages/cmb2-pt_PT.po,vendor/webdevstudios/cmb2/languages/cmb2-pt_PT.po
vendor/webdevstudios/cmb2/languages/cmb2-ro_RO.mo,simple-shop-connector/vendor/webdevstudios/cmb2/languages/cmb2-ro_RO.mo,vendor/webdevstudios/cmb2/languages/cmb2-ro_RO.mo
vendor/webdevstudios/cmb2/languages/cmb2-ro_RO.po,simple-shop-connector/vendor/webdevstudios/cmb2/languages/cmb2-ro_RO.po,vendor/webdevstudios/cmb2/languages/cmb2-ro_RO.po
vendor/webdevstudios/cmb2/languages/cmb2-ru_RU.mo,simple-shop-connector/vendor/webdevstudios/cmb2/languages/cmb2-ru_RU.mo,vendor/webdevstudios/cmb2/languages/cmb2-ru_RU.mo
vendor/webdevstudios/cmb2/languages/cmb2-ru_RU.po,simple-shop-connector/vendor/webdevstudios/cmb2/languages/cmb2-ru_RU.po,vendor/webdevstudios/cmb2/languages/cmb2-ru_RU.po
vendor/webdevstudios/cmb2/languages/cmb2-sa.mo,simple-shop-connector/vendor/webdevstudios/cmb2/languages/cmb2-sa.mo,vendor/webdevstudios/cmb2/languages/cmb2-sa.mo
vendor/webdevstudios/cmb2/languages/cmb2-sa.po,simple-shop-connector/vendor/webdevstudios/cmb2/languages/cmb2-sa.po,vendor/webdevstudios/cmb2/languages/cmb2-sa.po
vendor/webdevstudios/cmb2/languages/cmb2-sah.mo,simple-shop-connector/vendor/webdevstudios/cmb2/languages/cmb2-sah.mo,vendor/webdevstudios/cmb2/languages/cmb2-sah.mo
vendor/webdevstudios/cmb2/languages/cmb2-sah.po,simple-shop-connector/vendor/webdevstudios/cmb2/languages/cmb2-sah.po,vendor/webdevstudios/cmb2/languages/cmb2-sah.po
vendor/webdevstudios/cmb2/languages/cmb2-si_LK.mo,simple-shop-connector/vendor/webdevstudios/cmb2/languages/cmb2-si_LK.mo,vendor/webdevstudios/cmb2/languages/cmb2-si_LK.mo
vendor/webdevstudios/cmb2/languages/cmb2-si_LK.po,simple-shop-connector/vendor/webdevstudios/cmb2/languages/cmb2-si_LK.po,vendor/webdevstudios/cmb2/languages/cmb2-si_LK.po
vendor/webdevstudios/cmb2/languages/cmb2-sk_SK.mo,simple-shop-connector/vendor/webdevstudios/cmb2/languages/cmb2-sk_SK.mo,vendor/webdevstudios/cmb2/languages/cmb2-sk_SK.mo
vendor/webdevstudios/cmb2/languages/cmb2-sk_SK.po,simple-shop-connector/vendor/webdevstudios/cmb2/languages/cmb2-sk_SK.po,vendor/webdevstudios/cmb2/languages/cmb2-sk_SK.po
vendor/webdevstudios/cmb2/languages/cmb2-sl_SI.mo,simple-shop-connector/vendor/webdevstudios/cmb2/languages/cmb2-sl_SI.mo,vendor/webdevstudios/cmb2/languages/cmb2-sl_SI.mo
vendor/webdevstudios/cmb2/languages/cmb2-sl_SI.po,simple-shop-connector/vendor/webdevstudios/cmb2/languages/cmb2-sl_SI.po,vendor/webdevstudios/cmb2/languages/cmb2-sl_SI.po
vendor/webdevstudios/cmb2/languages/cmb2-so.mo,simple-shop-connector/vendor/webdevstudios/cmb2/languages/cmb2-so.mo,vendor/webdevstudios/cmb2/languages/cmb2-so.mo
vendor/webdevstudios/cmb2/languages/cmb2-so.po,simple-shop-connector/vendor/webdevstudios/cmb2/languages/cmb2-so.po,vendor/webdevstudios/cmb2/languages/cmb2-so.po
vendor/webdevstudios/cmb2/languages/cmb2-sq.mo,simple-shop-connector/vendor/webdevstudios/cmb2/languages/cmb2-sq.mo,vendor/webdevstudios/cmb2/languages/cmb2-sq.mo
vendor/webdevstudios/cmb2/languages/cmb2-sq.po,simple-shop-connector/vendor/webdevstudios/cmb2/languages/cmb2-sq.po,vendor/webdevstudios/cmb2/languages/cmb2-sq.po
vendor/webdevstudios/cmb2/languages/cmb2-sr_RS.mo,simple-shop-connector/vendor/webdevstudios/cmb2/languages/cmb2-sr_RS.mo,vendor/webdevstudios/cmb2/languages/cmb2-sr_RS.mo
vendor/webdevstudios/cmb2/languages/cmb2-sr_RS.po,simple-shop-connector/vendor/webdevstudios/cmb2/languages/cmb2-sr_RS.po,vendor/webdevstudios/cmb2/languages/cmb2-sr_RS.po
vendor/webdevstudios/cmb2/languages/cmb2-su.mo,simple-shop-connector/vendor/webdevstudios/cmb2/languages/cmb2-su.mo,vendor/webdevstudios/cmb2/languages/cmb2-su.mo
vendor/webdevstudios/cmb2/languages/cmb2-su.po,simple-shop-connector/vendor/webdevstudios/cmb2/languages/cmb2-su.po,vendor/webdevstudios/cmb2/languages/cmb2-su.po
vendor/webdevstudios/cmb2/languages/cmb2-sv_SE.mo,simple-shop-connector/vendor/webdevstudios/cmb2/languages/cmb2-sv_SE.mo,vendor/webdevstudios/cmb2/languages/cmb2-sv_SE.mo
vendor/webdevstudios/cmb2/languages/cmb2-sv_SE.po,simple-shop-connector/vendor/webdevstudios/cmb2/languages/cmb2-sv_SE.po,vendor/webdevstudios/cmb2/languages/cmb2-sv_SE.po
vendor/webdevstudios/cmb2/languages/cmb2-sw.mo,simple-shop-connector/vendor/webdevstudios/cmb2/languages/cmb2-sw.mo,vendor/webdevstudios/cmb2/languages/cmb2-sw.mo
vendor/webdevstudios/cmb2/languages/cmb2-sw.po,simple-shop-connector/vendor/webdevstudios/cmb2/languages/cmb2-sw.po,vendor/webdevstudios/cmb2/languages/cmb2-sw.po
vendor/webdevstudios/cmb2/languages/cmb2-ta_IN.mo,simple-shop-connector/vendor/webdevstudios/cmb2/languages/cmb2-ta_IN.mo,vendor/webdevstudios/cmb2/languages/cmb2-ta_IN.mo
vendor/webdevstudios/cmb2/languages/cmb2-ta_IN.po,simple-shop-connector/vendor/webdevstudios/cmb2/languages/cmb2-ta_IN.po,vendor/webdevstudios/cmb2/languages/cmb2-ta_IN.po
vendor/webdevstudios/cmb2/languages/cmb2-ta_LK.mo,simple-shop-connector/vendor/webdevstudios/cmb2/languages/cmb2-ta_LK.mo,vendor/webdevstudios/cmb2/languages/cmb2-ta_LK.mo
vendor/webdevstudios/cmb2/languages/cmb2-ta_LK.po,simple-shop-connector/vendor/webdevstudios/cmb2/languages/cmb2-ta_LK.po,vendor/webdevstudios/cmb2/languages/cmb2-ta_LK.po
vendor/webdevstudios/cmb2/languages/cmb2-te.mo,simple-shop-connector/vendor/webdevstudios/cmb2/languages/cmb2-te.mo,vendor/webdevstudios/cmb2/languages/cmb2-te.mo
vendor/webdevstudios/cmb2/languages/cmb2-te.po,simple-shop-connector/vendor/webdevstudios/cmb2/languages/cmb2-te.po,vendor/webdevstudios/cmb2/languages/cmb2-te.po
vendor/webdevstudios/cmb2/languages/cmb2-tg.mo,simple-shop-connector/vendor/webdevstudios/cmb2/languages/cmb2-tg.mo,vendor/webdevstudios/cmb2/languages/cmb2-tg.mo
vendor/webdevstudios/cmb2/languages/cmb2-tg.po,simple-shop-connector/vendor/webdevstudios/cmb2/languages/cmb2-tg.po,vendor/webdevstudios/cmb2/languages/cmb2-tg.po
vendor/webdevstudios/cmb2/languages/cmb2-th.mo,simple-shop-connector/vendor/webdevstudios/cmb2/languages/cmb2-th.mo,vendor/webdevstudios/cmb2/languages/cmb2-th.mo
vendor/webdevstudios/cmb2/languages/cmb2-th.po,simple-shop-connector/vendor/webdevstudios/cmb2/languages/cmb2-th.po,vendor/webdevstudios/cmb2/languages/cmb2-th.po
vendor/webdevstudios/cmb2/languages/cmb2-tk_TM.mo,simple-shop-connector/vendor/webdevstudios/cmb2/languages/cmb2-tk_TM.mo,vendor/webdevstudios/cmb2/languages/cmb2-tk_TM.mo
vendor/webdevstudios/cmb2/languages/cmb2-tk_TM.po,simple-shop-connector/vendor/webdevstudios/cmb2/languages/cmb2-tk_TM.po,vendor/webdevstudios/cmb2/languages/cmb2-tk_TM.po
vendor/webdevstudios/cmb2/languages/cmb2-tl.mo,simple-shop-connector/vendor/webdevstudios/cmb2/languages/cmb2-tl.mo,vendor/webdevstudios/cmb2/languages/cmb2-tl.mo
vendor/webdevstudios/cmb2/languages/cmb2-tl.po,simple-shop-connector/vendor/webdevstudios/cmb2/languages/cmb2-tl.po,vendor/webdevstudios/cmb2/languages/cmb2-tl.po
vendor/webdevstudios/cmb2/languages/cmb2-tr_TR.mo,simple-shop-connector/vendor/webdevstudios/cmb2/languages/cmb2-tr_TR.mo,vendor/webdevstudios/cmb2/languages/cmb2-tr_TR.mo
vendor/webdevstudios/cmb2/languages/cmb2-tr_TR.po,simple-shop-connector/vendor/webdevstudios/cmb2/languages/cmb2-tr_TR.po,vendor/webdevstudios/cmb2/languages/cmb2-tr_TR.po
vendor/webdevstudios/cmb2/languages/cmb2-tzm.mo,simple-shop-connector/vendor/webdevstudios/cmb2/languages/cmb2-tzm.mo,vendor/webdevstudios/cmb2/languages/cmb2-tzm.mo
vendor/webdevstudios/cmb2/languages/cmb2-tzm.po,simple-shop-connector/vendor/webdevstudios/cmb2/languages/cmb2-tzm.po,vendor/webdevstudios/cmb2/languages/cmb2-tzm.po
vendor/webdevstudios/cmb2/languages/cmb2-ug.mo,simple-shop-connector/vendor/webdevstudios/cmb2/languages/cmb2-ug.mo,vendor/webdevstudios/cmb2/languages/cmb2-ug.mo
vendor/webdevstudios/cmb2/languages/cmb2-ug.po,simple-shop-connector/vendor/webdevstudios/cmb2/languages/cmb2-ug.po,vendor/webdevstudios/cmb2/languages/cmb2-ug.po
vendor/webdevstudios/cmb2/languages/cmb2-uk.mo,simple-shop-connector/vendor/webdevstudios/cmb2/languages/cmb2-uk.mo,vendor/webdevstudios/cmb2/languages/cmb2-uk.mo
vendor/webdevstudios/cmb2/languages/cmb2-uk.po,simple-shop-connector/vendor/webdevstudios/cmb2/languages/cmb2-uk.po,vendor/webdevstudios/cmb2/languages/cmb2-uk.po
vendor/webdevstudios/cmb2/languages/cmb2-ur.mo,simple-shop-connector/vendor/webdevstudios/cmb2/languages/cmb2-ur.mo,vendor/webdevstudios/cmb2/languages/cmb2-ur.mo
vendor/webdevstudios/cmb2/languages/cmb2-ur.po,simple-shop-connector/vendor/webdevstudios/cmb2/languages/cmb2-ur.po,vendor/webdevstudios/cmb2/languages/cmb2-ur.po
vendor/webdevstudios/cmb2/languages/cmb2-ur_PK.mo,simple-shop-connector/vendor/webdevstudios/cmb2/languages/cmb2-ur_PK.mo,vendor/webdevstudios/cmb2/languages/cmb2-ur_PK.mo
vendor/webdevstudios/cmb2/languages/cmb2-ur_PK.po,simple-shop-connector/vendor/webdevstudios/cmb2/languages/cmb2-ur_PK.po,vendor/webdevstudios/cmb2/languages/cmb2-ur_PK.po
vendor/webdevstudios/cmb2/languages/cmb2-uz.mo,simple-shop-connector/vendor/webdevstudios/cmb2/languages/cmb2-uz.mo,vendor/webdevstudios/cmb2/languages/cmb2-uz.mo
vendor/webdevstudios/cmb2/languages/cmb2-uz.po,simple-shop-connector/vendor/webdevstudios/cmb2/languages/cmb2-uz.po,vendor/webdevstudios/cmb2/languages/cmb2-uz.po
vendor/webdevstudios/cmb2/languages/cmb2-vi.mo,simple-shop-connector/vendor/webdevstudios/cmb2/languages/cmb2-vi.mo,vendor/webdevstudios/cmb2/languages/cmb2-vi.mo
vendor/webdevstudios/cmb2/languages/cmb2-vi.po,simple-shop-connector/vendor/webdevstudios/cmb2/languages/cmb2-vi.po,vendor/webdevstudios/cmb2/languages/cmb2-vi.po
vendor/webdevstudios/cmb2/languages/cmb2-zh_CN.mo,simple-shop-connector/vendor/webdevstudios/cmb2/languages/cmb2-zh_CN.mo,vendor/webdevstudios/cmb2/languages/cmb2-zh_CN.mo
vendor/webdevstudios/cmb2/languages/cmb2-zh_CN.po,simple-shop-connector/vendor/webdevstudios/cmb2/languages/cmb2-zh_CN.po,vendor/webdevstudios/cmb2/languages/cmb2-zh_CN.po
vendor/webdevstudios/cmb2/languages/cmb2-zh_HK.mo,simple-shop-connector/vendor/webdevstudios/cmb2/languages/cmb2-zh_HK.mo,vendor/webdevstudios/cmb2/languages/cmb2-zh_HK.mo
vendor/webdevstudios/cmb2/languages/cmb2-zh_HK.po,simple-shop-connector/vendor/webdevstudios/cmb2/languages/cmb2-zh_HK.po,vendor/webdevstudios/cmb2/languages/cmb2-zh_HK.po
vendor/webdevstudios/cmb2/languages/cmb2-zh_TW.mo,simple-shop-connector/vendor/webdevstudios/cmb2/languages/cmb2-zh_TW.mo,vendor/webdevstudios/cmb2/languages/cmb2-zh_TW.mo
vendor/webdevstudios/cmb2/languages/cmb2-zh_TW.po,simple-shop-connector/vendor/webdevstudios/cmb2/languages/cmb2-zh_TW.po,vendor/webdevstudios/cmb2/languages/cmb2-zh_TW.po
vendor/webdevstudios/cmb2/languages/cmb2.pot,simple-shop-connector/vendor/webdevstudios/cmb2/languages/cmb2.pot,vendor/webdevstudios/cmb2/languages/cmb2.pot
vendor/webdevstudios/cmb2/readme.txt,simple-shop-connector/vendor/webdevstudios/cmb2/readme.txt,vendor/webdevstudios/cmb2/readme.txt
simpleshop-wp-plugin.php,simpleshop-cz.php
src/Loader.php,src/Plugin.php
