Application/Common/Conf/config.php,Application/Common/Conf/config.php.sample,Application/Common/Conf/config.php
Application/Home/View/MdTemplate/api-doc.html,Application/Home/View/MdTemplate/api-doc.zh-cn.html
Application/Home/View/MdTemplate/database.html,Application/Home/View/MdTemplate/database.zh-cn.html
web/static/css/app.93a6619a0ecd20a132b3ab75f31b8030.css,web/static/css/app.c0251bf502025e3539a1c8bc659384c7.css
web/static/js/manifest.8b0ff8dbb09c9b52b6a9.js,web/static/js/manifest.aca1b4ce743dfb8d69c5.js,web/static/js/manifest.a7153cd2064e01c186eb.js,web/static/js/manifest.4927a32c0a5c243be272.js
web/static/css/app.8581cffd880e4648210c10c6b3293223.css,web/static/css/app.71ef500872eaafe3ea0ec1beb0925ebd.css
web/static/js/manifest.a7153cd2064e01c186eb.js,web/static/js/manifest.6bbc426b6c9d3fe0c5da.js,web/static/js/manifest.958296e6619ce92c0b37.js,web/static/js/manifest.9df9d183c867769136d6.js,web/static/js/manifest.03b740f400a54722001e.js,web/static/js/manifest.037213e6168bc7e39754.js,web/static/js/manifest.6e86b877afd3172dc6a7.js,web/static/js/manifest.d0a4377ef1a585a89fd6.js,web/static/js/manifest.37248a8a5e3ef61515fe.js,web/static/js/manifest.8606c16ebd0264736bc1.js,web/static/js/manifest.9a740169992581368f7d.js,web/static/js/manifest.aa05e124a4e7b2f9c2aa.js,web/static/js/manifest.388b666966bbc58d14e1.js,web/static/js/manifest.a3ffcf95dcfaded8b97d.js,web/static/js/manifest.506682e59b10e0c39445.js,web/static/js/manifest.e5bbf0cd004ae5af7526.js,web/static/js/manifest.70c4e5fb7856d843683e.js,web/static/js/manifest.c63afeef27bc29822929.js,web/static/js/manifest.e715af503d240fb72082.js,web/static/js/manifest.8949bbc4d585c3794e72.js,web/static/js/manifest.b773ee245f5c52802c6b.js,web/static/js/manifest.6951f5c8f924223539eb.js,web/static/js/manifest.f90606b8a5e325130082.js,web/static/js/manifest.a8d7cad26e542f4d4c80.js,web/static/js/manifest.c43804f22227f6a51128.js,web/static/js/manifest.42672a1d8b6a6897d5d4.js,web/static/js/manifest.de5d312ffd15b4b84336.js,web/static/js/manifest.441dac1e7e9622d50c15.js,web/static/js/manifest.22d3db7b6d14addfc784.js,web/static/js/manifest.56d28fa644d50b9b273e.js,web/static/js/manifest.dee96dc0e0e369aa4c4a.js,web/static/js/manifest.372642fcc4f1566fb72d.js,web/static/js/manifest.134a0afff2ecfa81b84a.js,web/static/js/manifest.ab98dd6cdbc5ee21b545.js,web/static/js/manifest.7d809be5e0c55576b59b.js,web/static/js/manifest.61ffc3e0abe6c17a2f7f.js,web/static/js/manifest.f332b71c60ac986506bf.js,web/static/js/manifest.83dfe798082afcfc8446.js,web/static/js/manifest.f34f9c3a63e1e3c7fc52.js,web/static/js/manifest.1702224c9c97581b7a84.js,web/static/js/manifest.4ce7c991653448cd52d7.js,web/static/js/manifest.3f56f808a0fa8c26fc65.js
web/static/css/app.692c3e9246a2cfb50f236c587f136b2d.css,web/static/css/app.b791e5c0bb481338e7aefc3c81d462ec.css,web/static/css/app.e84a6976614c670eab2444714aa1804b.css,web/static/css/app.583b742ee720dcda38f319e4cd15d768.css,web/static/css/app.8a94a3ce0585f562823fdb1dbad67a4b.css,web/static/css/app.2a30fcaf63477aaf41d90314c57b2e49.css,web/static/css/app.3729084f1c6fd607bd30e2b02ef9bfc1.css,web/static/css/app.3c5aaa64efc632b2085614f4a4df0e9b.css
web/static/js/app.6e6fc79393bfbe50987e.js,web/static/js/app.32a7bf6857502987d090.js
web_src/src/components/catalog/index.vue,web_src/src/components/catalog/Index.vue
web/static/css/app.7bfef7255366bafdb4bc481cbd24ef4e.css,web/static/css/app.43675489f5abb728a99534de4ea795a6.css
ThinkPHP/Common/functions.php,server/ThinkPHP/Common/functions.php
ThinkPHP/Conf/convention.php,server/ThinkPHP/Conf/convention.php
ThinkPHP/Conf/debug.php,server/ThinkPHP/Conf/debug.php
ThinkPHP/LICENSE.txt,server/ThinkPHP/LICENSE.txt
ThinkPHP/Lang/en-us.php,server/ThinkPHP/Lang/en-us.php
ThinkPHP/Lang/pt-br.php,server/ThinkPHP/Lang/pt-br.php
ThinkPHP/Lang/zh-cn.php,server/ThinkPHP/Lang/zh-cn.php
ThinkPHP/Lang/zh-tw.php,server/ThinkPHP/Lang/zh-tw.php
ThinkPHP/Library/Behavior/BuildLiteBehavior.class.php,server/ThinkPHP/Library/Behavior/BuildLiteBehavior.class.php
ThinkPHP/Library/Behavior/CheckLangBehavior.class.php,server/ThinkPHP/Library/Behavior/CheckLangBehavior.class.php
ThinkPHP/Library/Behavior/ContentReplaceBehavior.class.php,server/ThinkPHP/Library/Behavior/ContentReplaceBehavior.class.php
ThinkPHP/Library/Behavior/ParseTemplateBehavior.class.php,server/ThinkPHP/Library/Behavior/ParseTemplateBehavior.class.php
ThinkPHP/Library/Behavior/ReadHtmlCacheBehavior.class.php,server/ThinkPHP/Library/Behavior/ReadHtmlCacheBehavior.class.php
ThinkPHP/Library/Behavior/ShowPageTraceBehavior.class.php,server/ThinkPHP/Library/Behavior/ShowPageTraceBehavior.class.php
ThinkPHP/Library/Behavior/ShowRuntimeBehavior.class.php,server/ThinkPHP/Library/Behavior/ShowRuntimeBehavior.class.php
ThinkPHP/Library/Behavior/TokenBuildBehavior.class.php,server/ThinkPHP/Library/Behavior/TokenBuildBehavior.class.php
ThinkPHP/Library/Behavior/WriteHtmlCacheBehavior.class.php,server/ThinkPHP/Library/Behavior/WriteHtmlCacheBehavior.class.php
ThinkPHP/Library/Think/App.class.php,server/ThinkPHP/Library/Think/App.class.php
ThinkPHP/Library/Think/Build.class.php,server/ThinkPHP/Library/Think/Build.class.php
ThinkPHP/Library/Think/Cache.class.php,server/ThinkPHP/Library/Think/Cache.class.php
ThinkPHP/Library/Think/Cache/Driver/Apachenote.class.php,server/ThinkPHP/Library/Think/Cache/Driver/Apachenote.class.php
ThinkPHP/Library/Think/Cache/Driver/Apc.class.php,server/ThinkPHP/Library/Think/Cache/Driver/Apc.class.php
ThinkPHP/Library/Think/Cache/Driver/Db.class.php,server/ThinkPHP/Library/Think/Cache/Driver/Db.class.php
ThinkPHP/Library/Think/Cache/Driver/Eaccelerator.class.php,server/ThinkPHP/Library/Think/Cache/Driver/Eaccelerator.class.php
ThinkPHP/Library/Think/Cache/Driver/File.class.php,server/ThinkPHP/Library/Think/Cache/Driver/File.class.php
ThinkPHP/Library/Think/Cache/Driver/Memcache.class.php,server/ThinkPHP/Library/Think/Cache/Driver/Memcache.class.php
ThinkPHP/Library/Think/Cache/Driver/Memcached.class.php,server/ThinkPHP/Library/Think/Cache/Driver/Memcached.class.php
ThinkPHP/Library/Think/Cache/Driver/Memcachesae.class.php,server/ThinkPHP/Library/Think/Cache/Driver/Memcachesae.class.php
ThinkPHP/Library/Think/Cache/Driver/Redis.class.php,server/ThinkPHP/Library/Think/Cache/Driver/Redis.class.php
ThinkPHP/Library/Think/Cache/Driver/Shmop.class.php,server/ThinkPHP/Library/Think/Cache/Driver/Shmop.class.php
ThinkPHP/Library/Think/Cache/Driver/Sqlite.class.php,server/ThinkPHP/Library/Think/Cache/Driver/Sqlite.class.php
ThinkPHP/Library/Think/Cache/Driver/Wincache.class.php,server/ThinkPHP/Library/Think/Cache/Driver/Wincache.class.php
ThinkPHP/Library/Think/Cache/Driver/Xcache.class.php,server/ThinkPHP/Library/Think/Cache/Driver/Xcache.class.php
ThinkPHP/Library/Think/Controller.class.php,server/ThinkPHP/Library/Think/Controller.class.php
ThinkPHP/Library/Think/Db.class.php,server/ThinkPHP/Library/Think/Db.class.php
ThinkPHP/Library/Think/Db/Driver.class.php,server/ThinkPHP/Library/Think/Db/Driver.class.php
ThinkPHP/Library/Think/Db/Driver/Firebird.class.php,server/ThinkPHP/Library/Think/Db/Driver/Firebird.class.php
ThinkPHP/Library/Think/Db/Driver/Mongo.class.php,server/ThinkPHP/Library/Think/Db/Driver/Mongo.class.php
ThinkPHP/Library/Think/Db/Driver/Mysql.class.php,server/ThinkPHP/Library/Think/Db/Driver/Mysql.class.php
ThinkPHP/Library/Think/Db/Driver/Oracle.class.php,server/ThinkPHP/Library/Think/Db/Driver/Oracle.class.php
ThinkPHP/Library/Think/Db/Driver/Pgsql.class.php,server/ThinkPHP/Library/Think/Db/Driver/Pgsql.class.php
ThinkPHP/Library/Think/Db/Driver/Sqlite.class.php,server/ThinkPHP/Library/Think/Db/Driver/Sqlite.class.php
ThinkPHP/Library/Think/Db/Driver/Sqlsrv.class.php,server/ThinkPHP/Library/Think/Db/Driver/Sqlsrv.class.php
ThinkPHP/Library/Think/Db/Lite.class.php,server/ThinkPHP/Library/Think/Db/Lite.class.php
ThinkPHP/Library/Think/Dispatcher.class.php,server/ThinkPHP/Library/Think/Dispatcher.class.php
ThinkPHP/Library/Think/Exception.class.php,server/ThinkPHP/Library/Think/Exception.class.php
ThinkPHP/Library/Think/Hook.class.php,server/ThinkPHP/Library/Think/Hook.class.php
ThinkPHP/Library/Think/Log.class.php,server/ThinkPHP/Library/Think/Log.class.php
ThinkPHP/Library/Think/Log/Driver/File.class.php,server/ThinkPHP/Library/Think/Log/Driver/File.class.php
ThinkPHP/Library/Think/Log/Driver/Sae.class.php,server/ThinkPHP/Library/Think/Log/Driver/Sae.class.php
ThinkPHP/Library/Think/Model.class.php,server/ThinkPHP/Library/Think/Model.class.php
ThinkPHP/Library/Think/Route.class.php,server/ThinkPHP/Library/Think/Route.class.php
ThinkPHP/Library/Think/Storage.class.php,server/ThinkPHP/Library/Think/Storage.class.php
ThinkPHP/Library/Think/Storage/Driver/File.class.php,server/ThinkPHP/Library/Think/Storage/Driver/File.class.php
ThinkPHP/Library/Think/Storage/Driver/Sae.class.php,server/ThinkPHP/Library/Think/Storage/Driver/Sae.class.php
ThinkPHP/Library/Think/Template.class.php,server/ThinkPHP/Library/Think/Template.class.php
ThinkPHP/Library/Think/Template/Driver/Ease.class.php,server/ThinkPHP/Library/Think/Template/Driver/Ease.class.php
ThinkPHP/Library/Think/Template/Driver/Lite.class.php,server/ThinkPHP/Library/Think/Template/Driver/Lite.class.php
ThinkPHP/Library/Think/Template/Driver/Mobile.class.php,server/ThinkPHP/Library/Think/Template/Driver/Mobile.class.php
ThinkPHP/Library/Think/Template/Driver/Smart.class.php,server/ThinkPHP/Library/Think/Template/Driver/Smart.class.php
ThinkPHP/Library/Think/Template/Driver/Smarty.class.php,server/ThinkPHP/Library/Think/Template/Driver/Smarty.class.php
ThinkPHP/Library/Think/Template/TagLib.class.php,server/ThinkPHP/Library/Think/Template/TagLib.class.php
ThinkPHP/Library/Think/Template/TagLib/Cx.class.php,server/ThinkPHP/Library/Think/Template/TagLib/Cx.class.php
ThinkPHP/Library/Think/Template/TagLib/Html.class.php,server/ThinkPHP/Library/Think/Template/TagLib/Html.class.php
ThinkPHP/Library/Think/Think.class.php,server/ThinkPHP/Library/Think/Think.class.php
ThinkPHP/Library/Think/Upload.class.php,server/ThinkPHP/Library/Think/Upload.class.php
ThinkPHP/Library/Think/Upload/Driver/Bcs.class.php,server/ThinkPHP/Library/Think/Upload/Driver/Bcs.class.php
ThinkPHP/Library/Think/Upload/Driver/Bcs/bcs.class.php,server/ThinkPHP/Library/Think/Upload/Driver/Bcs/bcs.class.php
ThinkPHP/Library/Think/Upload/Driver/Bcs/mimetypes.class.php,server/ThinkPHP/Library/Think/Upload/Driver/Bcs/mimetypes.class.php
ThinkPHP/Library/Think/Upload/Driver/Bcs/requestcore.class.php,server/ThinkPHP/Library/Think/Upload/Driver/Bcs/requestcore.class.php
ThinkPHP/Library/Think/Upload/Driver/Ftp.class.php,server/ThinkPHP/Library/Think/Upload/Driver/Ftp.class.php
ThinkPHP/Library/Think/Upload/Driver/Local.class.php,server/ThinkPHP/Library/Think/Upload/Driver/Local.class.php
ThinkPHP/Library/Think/Upload/Driver/Qiniu.class.php,server/ThinkPHP/Library/Think/Upload/Driver/Qiniu.class.php
ThinkPHP/Library/Think/Upload/Driver/Qiniu/QiniuStorage.class.php,server/ThinkPHP/Library/Think/Upload/Driver/Qiniu/QiniuStorage.class.php
ThinkPHP/Library/Think/Upload/Driver/Sae.class.php,server/ThinkPHP/Library/Think/Upload/Driver/Sae.class.php
ThinkPHP/Library/Think/Upload/Driver/Upyun.class.php,server/ThinkPHP/Library/Think/Upload/Driver/Upyun.class.php
ThinkPHP/Library/Think/View.class.php,server/ThinkPHP/Library/Think/View.class.php
ThinkPHP/Library/Vendor/Parsedown/Parsedown.class.php,server/ThinkPHP/Library/Vendor/Parsedown/Parsedown.class.php
ThinkPHP/Library/Vendor/Phpqrcode/phpqrcode.php,server/ThinkPHP/Library/Vendor/Phpqrcode/phpqrcode.php
ThinkPHP/Library/Vendor/README.txt,server/ThinkPHP/Library/Vendor/README.txt
ThinkPHP/Mode/common.php,server/ThinkPHP/Mode/common.php
ThinkPHP/ThinkPHP.php,server/ThinkPHP/ThinkPHP.php
ThinkPHP/Tpl/dispatch_jump.tpl,server/ThinkPHP/Tpl/dispatch_jump.tpl
ThinkPHP/Tpl/page_trace.tpl,server/ThinkPHP/Tpl/page_trace.tpl
ThinkPHP/Tpl/think_exception.tpl,server/ThinkPHP/Tpl/think_exception.tpl
ThinkPHP/logo.png,server/ThinkPHP/logo.png
Application/Home/Conf/tags.php,server/Application/Home/Conf/tags.php
Application/Home/Controller/BaseController.class.php,server/Application/Home/Controller/BaseController.class.php
Application/Home/Controller/CommonController.class.php,server/Application/Home/Controller/CommonController.class.php
Application/Home/Controller/ItemController.class.php,server/Application/Home/Controller/ItemController.class.php
Application/Home/Controller/PageController.class.php,server/Application/Home/Controller/PageController.class.php
Application/Home/Controller/UpdateController.class.php,server/Application/Home/Controller/UpdateController.class.php
Application/Home/Controller/UserController.class.php,server/Application/Home/Controller/UserController.class.php
Application/Home/Lang/en-us.php,server/Application/Home/Lang/en-us.php
Application/Home/Lang/zh-cn.php,server/Application/Home/Lang/zh-cn.php
Application/Home/Model/BaseModel.class.php,server/Application/Home/Model/BaseModel.class.php
Application/Home/Model/ItemModel.class.php,server/Application/Home/Model/ItemModel.class.php
Application/Home/Model/UserModel.class.php,server/Application/Home/Model/UserModel.class.php
Application/Home/Model/UserTokenModel.class.php,server/Application/Home/Model/UserTokenModel.class.php
web/static/css/app.9342eacf1936ecf8adcde0e75caea0b6.css,web/static/css/app.3b798b9b6163bedf8df49efbf9aaa277.css
web/static/css/app.58b1586a3c5edcf9801796e05260e3a1.css,web/static/css/app.93c36e16847bb180f6b76767ce52dd5f.css
web/static/css/app.ef063643348c4c853bec125a8b49511a.css,web/static/css/app.1cb500ad6c8f1b16dee2cabd0882c710.css,web/static/css/app.33c7b0c49b238b6ac026215a5070c009.css
web/static/css/app.5299251ce077a4d9232469ae42a00b62.css,web/static/css/app.b883482c59c38bb17f1ff130757d8a84.css,web/static/css/app.7e2db271ee332e946dca288cb805f554.css
web/static/css/app.c653dea580ee73f37d03fd14bd03157f.css,web/static/css/app.4452149dbf59e6ecb77020b098e14f27.css
web/static/js/app.2b846f13596102fad889.js,web/static/js/app.5bda389625e78219ef10.js
web/static/css/app.bc5a4eac249a189ff18cfab323a7b1a7.css,web/static/css/app.83971470d5673ec1ddd9e9f478fdb016.css,web/static/css/app.05c4130cb2c27510bcae5279f93551a6.css
web/static/js/app.fd7449ceb77d229b8f6a.js,web/static/js/app.679dabc3a4d83302649c.js
web/static/css/app.94d49cc14a912008b023586fa8ade381.css,web/static/css/app.7db107f1cbe6b7819bb55457fc29c220.css,web/static/css/app.be99e7bccbff75268e3be3f53334f7f9.css,web/static/css/app.ba70aba5ac6d6743750aea933497349a.css
web/static/js/app.57bb06072a3102577d7e.js,web/static/js/app.ff31bd4e52af02fbc562.js
web/static/css/app.c96114126fa9e1b07a43226076a3a822.css,web/static/css/app.48268a0b2a201e518e14ef16631c49a9.css,web/static/css/app.0f3a667a3b2dd5681e46e842872fdebf.css,web/static/css/app.4846f52672b53b254d5ad66dfc8dcda6.css,web/static/css/app.28d5064c2789eb78df12e8f7e57270af.css,web/static/css/app.ae6c5d819d87cc8f89539e824de9cc24.css
web/static/js/manifest.7138e45ecde0a313666b.js,web/static/js/manifest.55d3bf109c7e5e2b98f3.js,web/static/js/manifest.421f2040f7a60fdeac29.js,web/static/js/manifest.f3968dbddabf62ef8d31.js,web/static/js/manifest.6d1161f04860aa180e00.js,web/static/js/manifest.d7cd993c85af8ccd3126.js,web/static/js/manifest.53ad4c2f0ec1ab7c433a.js,web/static/js/manifest.2625c0345e9de60098d6.js,web/static/js/manifest.901ca262d08233fa1ec0.js,web/static/js/manifest.c39de2750bd2f2cf71a2.js,web/static/js/manifest.26c9c4354a3abce2d685.js,web/static/js/manifest.33b32ada24d94eff4fff.js,web/static/js/manifest.7db4f8fa339d6a5fbd23.js,web/static/js/manifest.07b55f6b8ca67a0d00f8.js,web/static/js/manifest.7832dcff269b9b6fcbf6.js,web/static/js/manifest.99bd026052fe2d7471e4.js,web/static/js/manifest.2c956315c8da60c14cfe.js,web/static/js/manifest.fdd4b3bd126dae023da4.js,web/static/js/manifest.f222d963cbb5ec5c5363.js,web/static/js/manifest.26a939aa9419d2906a5d.js,web/static/js/manifest.9f49fedf5c0bb479e457.js,web/static/js/manifest.dd2b0f5a3c56bac99cde.js,web/static/js/manifest.0f2b50bd0a5d52ae8303.js,web/static/js/manifest.45943500ff4e7fc5417d.js,web/static/js/manifest.96627ad77791cdcff695.js,web/static/js/manifest.e2b980cf8968a5919fb1.js,web/static/js/manifest.3f793afba939771f8bd5.js,web/static/js/manifest.ecca2c9b9461f1fa325b.js,web/static/js/manifest.69b7425e83c569f573b8.js,web/static/js/manifest.3fcd1bd690b55143ddd6.js,web/static/js/manifest.e2cd2dcc449fcd94e2ed.js,web/static/js/manifest.5a395b5384bb119e06d4.js,web/static/js/manifest.b554cacde932b104358b.js,web/static/js/manifest.f2472068a30b134b1346.js
web/static/js/app.89431080c29a5ee72f36.js,web/static/js/app.f7cc69c06228eaa89c60.js
web/static/css/app.239dc79d428ac569c72b4e88347d406f.css,web/static/css/app.75caf414f3558406810465bb99699c57.css
web/static/css/app.ac6aef2e2361da5fa99dbc6e425a0a61.css,web/static/css/app.b59e577108ff12bcc8e32a6a901f42fc.css
web/static/css/app.18dbd9b9803bfa8ec31d98a89e315fc5.css,web/static/css/app.a1ac111f604b1e5117ebb5e3f9b35658.css
web/static/css/app.3f3378a5bf4b9d82d9c1cb8101373cd2.css,web/static/css/app.0e0d164c216909f22572e1a1e7407752.css,web/static/css/app.7d0a84dc99e76ed79d5bb5d36f493dbb.css,web/static/css/app.6145b1e9243f149e9dda9f6a98dc0a9d.css,web/static/css/app.b8d505553de71bcfe6ed1dff0db36a4c.css
web/static/css/app.8f471dbc1a542f85e173761b1e1e6d8f.css,web/static/css/app.484b0ca6952b8b26184d07c363855d77.css
web/static/css/app.cd2a650f26998972e2c7090abb538648.css,web/static/css/app.c48ce3248f2121d4d7c6298ee07f6a90.css,web/static/css/app.5c97c49d6c3f5264111f86e4d9d302be.css
web/static/css/app.3b165ecb614debfa729a27f10b07438b.css,web/static/css/app.6d40ced4d5472a3d3e1cf5badf2b562d.css
web/static/css/app.ec8e0925a24961f1b5df329b7596593a.css,web/static/css/app.e45b7cfaa072e2b6dc2bcebd75759fc8.css
web/static/js/vendor.63b8c026ddb3e5a165b6.js,web/static/js/vendor.a6098e82988b4636789a.js,web/static/js/vendor.451f9dec262f7b7fd825.js,web/static/js/vendor.a41f2ff11c45c435a499.js
web/static/css/app.bc5c26e28db91319fec250f4b17a4652.css,web/static/css/app.9d7bd3912a73a91d44eae57a01729a3d.css,web/static/css/app.021f64f27b50c95fc321e878f6cd43bc.css
web/static/css/app.4015995166e9e804d77e18b427e27022.css,web/static/css/app.04db12d28f39b937aac4f7c8a9c3275c.css,web/static/css/app.065186db5e14c5b42b31668e68337342.css,web/static/css/app.293e899fb703a5fd4a271a52b46266b8.css,web/static/css/app.f8cc7598c47d918e7f3b233705b476fc.css,web/static/css/app.3a7ba1fd9fd937781423705127daca0b.css
web/static/js/app.f14bbe0ec35f154f3012.js,web/static/js/app.1aebd4591716cc55175e.js
web/static/css/app.e0397146e3bea7ebd050980f87f72d28.css,web/static/css/app.50fcaf54f61bc9c900c66f360d418a7b.css
web/static/css/app.751079662a3a8073202ba64e29974cbc.css,web/static/css/app.1719a0a68d755862aecbec7a9da2d232.css,web/static/css/app.661f55c3c62661e59f5700d5a4e24183.css
web/static/css/app.c06987451a6b21fa695aa151f3517030.css,web/static/css/app.9037df4c43168224c3435b533e4619d2.css,web/static/css/app.893b196a03eb577964d54ab2dd8ccc63.css
web/static/css/app.e887cd6893a51a06834c8b5049c30c23.css,web/static/css/app.dce040fa3e0f48279ab876530e0422ef.css
web/static/css/app.d7f2f54b5d88847b570e9398b15f18b0.css,web/static/css/app.c4490050a5fc4066781c455caa321f9d.css
web/static/css/app.affba0334d633ada35708ef55400cf96.css,web/static/css/app.d3b2b7074f2c30840fc6c99ed42e8236.css,web/static/css/app.5292f6f55e64e4b62c9b5a0baf5b82f7.css,web/static/css/app.f4bb312ff035546ab76b6f80a8b3937d.css,web/static/css/app.bc7c08fc4b7b7ee670032d4cc4ce18f1.css,web/static/css/app.0519781781266ae931fc99c41a9e879f.css,web/static/css/app.4386f3f26f3431f60eb036075a365f22.css
web/static/js/app.88a06f676c877b74727f.js,web/static/js/app.282391e323c1331e934f.js
web/static/css/app.808dff8298ac941b6464a1a28ac5e607.css,web/static/css/app.9854283a8b427bdbad3358b3c99d13bf.css,web/static/css/app.3478df3187bb5aac4b65130abcf7e669.css,web/static/css/app.802854fe34ede925b040b29916b3ccff.css,web/static/css/app.882bda896a14484e3891ab92634f8f81.css,web/static/css/app.4f1cf04e7e22cc9f0a077251717b6092.css,web/static/css/app.a0a2f093ed82191b52bcb2a6707e311d.css,web/static/css/app.caa6d60a7774d0f7f3ed3dca9cff8142.css,web/static/css/app.54673030f3139c59a0b6c899179bb828.css
web_src/src/components/admin/systemUpdate/Index.vue,web_src/src/components/admin/about/Index.vue
web/static/css/app.402e67a79481a3fbc621aea296015921.css,web/static/css/app.b4b01daab1ab697980a5ba4e7c834c12.css,web/static/css/app.f84e15c6a1b42146a0642024c74cfce0.css
server/vendor/mtdowling/jmespath.php/LICENSE,server/vendor/psr/cache/LICENSE.txt
server/vendor/symfony/polyfill-mbstring/LICENSE,server/vendor/symfony/http-client-contracts/LICENSE
server/vendor/symfony/polyfill-mbstring/composer.json,server/vendor/symfony/polyfill-php73/composer.json
web/static/css/app.f7c5389a7e9aa8b8ca9ef8a947bd614c.css,web/static/css/app.80cb40ac0b45a62fcfbf0a0513e92765.css,web/static/css/app.d919d6b95532345b5c97da14c2b4c47f.css
server/vendor/guzzle/guzzle/LICENSE,server/vendor/guzzlehttp/command/LICENSE
server/vendor/guzzle/guzzle/src/Guzzle/Common/ToArrayInterface.php,server/vendor/guzzlehttp/command/src/ToArrayInterface.php
server/vendor/symfony/event-dispatcher/.gitignore,server/vendor/guzzlehttp/guzzle-services/.gitignore
server/vendor/psr/http-client/LICENSE,server/vendor/guzzlehttp/guzzle-services/LICENSE
server/vendor/guzzle/guzzle/src/Guzzle/Service/Description/ServiceDescriptionInterface.php,server/vendor/guzzlehttp/guzzle-services/src/DescriptionInterface.php
server/vendor/guzzle/guzzle/src/Guzzle/Service/Command/LocationVisitor/Request/AbstractRequestVisitor.php,server/vendor/guzzlehttp/guzzle-services/src/RequestLocation/AbstractLocation.php
server/vendor/guzzle/guzzle/src/Guzzle/Service/Description/SchemaFormatter.php,server/vendor/guzzlehttp/guzzle-services/src/SchemaFormatter.php
server/vendor/guzzle/guzzle/src/Guzzle/Service/Description/SchemaValidator.php,server/vendor/guzzlehttp/guzzle-services/src/SchemaValidator.php
server/vendor/guzzle/guzzle/tests/Guzzle/Tests/Service/Description/SchemaValidatorTest.php,server/vendor/guzzlehttp/guzzle-services/tests/SchemaValidatorTest.php
server/vendor/guzzle/guzzle/src/Guzzle/Parser/UriTemplate/UriTemplate.php,server/vendor/guzzlehttp/guzzle/src/UriTemplate.php
server/vendor/symfony/event-dispatcher/LICENSE,server/vendor/symfony/polyfill-intl-normalizer/LICENSE
web/static/css/app.175b162e597f8d7b998cfdd8f1e75f34.css,web/static/css/app.b4cf2c7b47fb2894d2d0f1992758eacc.css
web/static/js/vendor.3df229f18c7f5164b92d.js,web/static/js/vendor.e045bf988d7253e3de19.js,web/static/js/vendor.a9731c16f14c62ca401a.js,web/static/js/vendor.1bb2185ce4d6640ca7ff.js,web/static/js/vendor.852f3a20a3f7332656a1.js,web/static/js/vendor.6db8cb2ce84d56c39977.js
web_src/static/lang/en.js,web_src/src/assets/lang/en.js
web_src/static/lang/zh-CN.js,web_src/src/assets/lang/zh-CN.js
web_src/assets/tailwind.css,web_src/src/assets/tailwind.css
web/static/css/app.bc1e579d569699ccf9cb54363c480e56.css,web/static/css/app.ee6723b29a5bdd38e003bbc365bcce68.css,web/static/css/app.1b89101058202e37d545e120c33b1374.css,web/static/css/app.7845292547cf908458b8f9e1d667ea78.css
web/static/css/app.540988d0da2d8e57cf5fa845b843ce4c.css,web/static/css/app.52e2cf588c61e061bbfe6589bd8a26c5.css,web/static/css/app.b261593d4779ac2f5d0dfb55e6b6c73f.css
web/static/js/app.eb8e401979e96d67f92b.js,web/static/js/app.c27d886566f7b1024ca9.js
web/static/css/app.24dbab7346f20e60bce38e82f9c3a73d.css,web/static/css/app.f37d2141cd408998f54b111aeee3c82c.css
web/static/js/vendor.2d80a5c52006df1b3647.js,web/static/js/vendor.339f5a1f86786a88b9d4.js,web/static/js/vendor.3bfa74dba21c6c83e952.js,web/static/js/vendor.6958fbe8e7ac7908b110.js
web/static/css/app.7158a0d7cc9384607673a864df7b5f31.css,web/static/css/app.4e2b7755af8e10f1999c26f3e13c99fa.css
web/static/css/app.04bab64cc4e196dca01f34297c4dbc2f.css,web/static/css/app.95092739e038202ab03a94c3d0a297b2.css,web/static/css/app.dfeea7789cd47ea3f6c2eacb8ed267df.css,web/static/css/app.e49e3e04c13119402bed3009e9f23856.css,web/static/css/app.fdb50b5be4b0f0f167ceb024d249c5b9.css,web/static/css/app.a1000bc4907ba585d75f10ae403cbb50.css,web/static/css/app.e5abb34a05c0cc76265e9f6a2dae954b.css
web/static/js/app.6b1172074bcaa9d868ac.js,web/static/js/app.bab3e77472e0d881d5dd.js,web/static/js/app.fd2f69d6142ee6a6c3d1.js
web/static/css/app.ebeffe2948eb6b4f85c67f44a1860bf3.css,web/static/css/app.cf5cf8d7db49bba7dd9f2a5241bd431c.css,web/static/css/app.655920584f9944a4a79a58899344deb2.css
web/static/css/app.47ad1c4d974c2a2d7e03a5909f7236f1.css,web/static/css/app.cf6b49520291848a03b965d8d83aaa16.css,web/static/css/app.d8bc7763869cb9078b6ab70bcbd799da.css,web/static/css/app.d3d986120a2064e108b279e580e45ecc.css,web/static/css/app.46afee72b38f4c8620452029eec07d28.css,web/static/css/app.5203a1e59a4c8695941789884095ef63.css,web/static/css/app.dc1fd6cacfa6827a693f8a4cde446f02.css,web/static/css/app.4000fb1c32b8426be4a86b7562886926.css,web/static/css/app.a08c1c6cea3db26908c0c056206f0b78.css
web/static/js/app.dd4024ee1e1cd01b93b5.js,web/static/js/app.ab62ed575930eeadd285.js
web/static/css/app.dc1fd6cacfa6827a693f8a4cde446f02.css,web/static/css/app.7af002ff89e6cc3bd19a6dd77fa36c00.css,web/static/css/app.97f77cf8c51af25d740a10dc9275760b.css
web/static/img/Logo.29f9ff6.svg,web/static/img/Logo.cb06f9b.svg,web/static/img/Logo.29f9ff6.svg,web/static/img/Logo.cb06f9b.svg,web/static/img/Logo.29f9ff6.svg,web/static/img/Logo.cb06f9b.svg,web/static/img/Logo.29f9ff6.svg
web/static/css/app.2347154dd742da33795a57fb2942f2dd.css,web/static/css/app.ac1cfee054523448dd514b9154b01087.css,web/static/css/app.d1860452acfebd73647a538491dc0711.css,web/static/css/app.b92276918f0df2677adc912b3310ac37.css,web/static/css/app.a79b72a3d4206013dd25f8cff9ad1d90.css,web/static/css/app.74e873b9239931a6e17cf1f328f8408f.css,web/static/css/app.f9804f11224dabadf8a169dcf592081f.css,web/static/css/app.0cca461c35752a86fc058c4b49c7001c.css,web/static/css/app.7c659cf3ab25f6f9ec98250e52eaaa7b.css,web/static/css/app.d50f10894220231e6b95af303d756986.css,web/static/css/app.6019999233d15de4c2094f4719251855.css
DockerfileARM,Dockerfile.ARM
web/static/js/app.57a5542c88fd0f6f6949.js,web/static/js/app.d6a1649553531ec72eaf.js
web/static/js/app.037fe75a03da659c82e6.js,web/static/js/app.aed469ee2200b9159c9b.js
