Form/Type/ExampleType.php,Form/Type/FormExampleType.php
DependencyInjection/ClientFormExtension.php,DependencyInjection/L91FormExtension.php,DependencyInjection/L91SuluFormExtension.php,DependencyInjection/SuluFormExtension.php
Resources/views/forms/fields/types/firstName.html.twig,Resources/views/forms/fields/types/firstname.html.twig
Resources/views/forms/fields/types/lastName.html.twig,Resources/views/forms/fields/types/lastname.html.twig
Resources/views/forms/fields/types/multiple-choice.html.twig,Resources/views/forms/fields/types/multiplechoice.html.twig,Resources/views/forms/fields/types/multiple_select.html.twig,Resources/views/forms/fields/types/radiobuttons.html.twig
Resources/views/forms/fields/types/choice.html.twig,Resources/views/forms/fields/types/checkboxes.html.twig,Resources/views/forms/fields/types/checkboxmultiple.html.twig
Resources/views/forms/fields/types/free_text.html.twig,Resources/views/forms/fields/types/freetext.html.twig
Resources/views/forms/fields/types/radio_buttons.html.twig,Resources/views/forms/fields/types/selectmultiple.html.twig,Resources/views/forms/fields/types/dropdownmultiple.html.twig
Resources/views/forms/fields/types/select.html.twig,Resources/views/forms/fields/types/dropdown.html.twig
L91SuluFormBundle.php,SuluFormBundle.php
Resources/config/mailchimp_services.xml,Resources/config/type_mailchimp.xml
TitleProvider/Collections/StructureTitleProvider.php,TitleProvider/StructureTitleProvider.php
EventListener/RequestListener.php,Event/RequestListener.php
Dynamic/Types/MultiChoiceTrait.php,Dynamic/Types/ChoiceTrait.php
Tests/app/config/routing_admin.yml,Tests/app/config/routing.yml,Tests/app/config/routing_admin.yml,Tests/app/config/routing.yml,Tests/Application/config/routing.yml
Content/Types/FormSelect.php,Content/Types/SingleFormSelection.php
Metadata/FormFieldTypeProvider.php,Metadata/FormTypeMetadataLoader.php,Metadata/DynamicFormMetadataLoader.php
Tests/Functional/Dynamic/FormFieldTypeProviderTest.php,Tests/Functional/Dynamic/FormTypeMetadataLoaderTest.php,Tests/Functional/Metadata/DynamicFormMetadataLoaderTest.php
Tests/app/AppKernel.php,Tests/Application/Kernel.php
Tests/app/Resources/views/master.html.twig,Tests/Application/Resources/views/master.html.twig
Tests/app/Resources/webspaces/sulu.io.xml,Tests/Application/Resources/webspaces/sulu.io.xml
Tests/app/console,Tests/Application/bin/console,Tests/Application/bin/console.php
Tests/app/config/config.yml,Tests/Application/config/config.yml
.php_cs.dist,.php-cs-fixer.dist.php
